v_x,v_y,yaw_rate(psi_dot),pitch(theta),roll(phi),steering(delta)
-0.021296562,0.01427557,-0.1,-1.058540106,1.194483757,-9.17E-05
-0.027898165,0.018365351,-0.0875,-1.046277285,1.204174876,-9.17E-05
-0.033761489,0.021159089,-0.0625,-1.03395319,1.212741613,-9.17E-05
-0.039417508,0.024495466,-0.05,-1.021389723,1.217574835,-9.17E-05
-0.044851548,0.030171617,0.0425,-1.009758353,1.224556446,-9.17E-05
-0.023116125,0.011151533,-0.14125,-1.051037908,1.197676778,-9.17E-05
-0.027481816,0.015874208,-0.04,-1.041007638,1.201702833,-9.17E-05
-0.032836982,0.017228851,-0.13625,-1.029096484,1.208797097,-9.17E-05
-0.039176105,0.023106119,-0.01875,-1.019292474,1.215930223,-9.17E-05
-0.045123484,0.023036505,-0.1525,-1.005142689,1.220959187,-9.17E-05
-0.022823153,0.014192035,-0.0525,-1.050225139,1.200272679,-9.17E-05
-0.028372822,0.016365418,-0.075,-1.036429405,1.206840873,-9.17E-05
-0.033275003,0.017946112,-0.1375,-1.027296424,1.212408185,-9.17E-05
-0.039396488,0.023381141,-0.0675,-1.01446867,1.217869401,-9.17E-05
-0.045419185,0.026542865,-0.06125,-1.002879977,1.225660563,-9.17E-05
-0.023492533,0.011944372,-0.08625,-1.052822232,1.197485924,-9.17E-05
-0.028036484,0.01555408,-0.04,-1.041531801,1.205275416,-9.17E-05
-0.033693916,0.019276758,0.00625,-1.029033899,1.212458491,-9.17E-05
-0.039693804,0.019423521,-0.165,-1.018471479,1.216192007,-9.17E-05
-0.0461385,0.025247172,-0.07875,-1.005535841,1.221477509,-9.17E-05
-0.023302637,0.015519461,-0.06,-1.051249266,1.203049898,-9.17E-05
-0.028432845,0.018252896,-0.07125,-1.039022923,1.207327366,-9.17E-05
-0.033734615,0.018824616,-0.1875,-1.027307391,1.214599133,-9.17E-05
-0.040009755,0.023522288,-0.12375,-1.016474843,1.221360803,-9.17E-05
-0.046615582,0.03060132,0.00875,-1.005101085,1.227834821,-9.17E-05
-0.020813592,0.015477258,-0.1225,-1.056624532,1.204240084,-9.17E-05
-0.025920298,0.021535527,0.01375,-1.044811606,1.210747719,-9.17E-05
-0.03161744,0.022750431,-0.07875,-1.034564495,1.215373993,-9.17E-05
-0.037545073,0.028152955,0.02625,-1.023840904,1.221897364,-9.17E-05
-0.042937114,0.030059274,-0.04875,-1.010761499,1.228367329,-9.17E-05
-0.016215039,0.013942135,-0.08,-1.046287894,1.198585868,-9.17E-05
-0.019825402,0.01652828,-0.08375,-1.037824512,1.203680634,-9.17E-05
-0.019778738,0.01984629,-0.07375,-1.019012332,1.209415913,-9.17E-05
-0.021833369,0.023862304,-0.02625,-1.01271975,1.215908289,-9.17E-05
-0.022248137,0.027171449,-0.03375,-0.997364521,1.222840786,-9.17E-05
0.005286437,0.013520873,-0.09,-1.045660853,1.198385715,-9.17E-05
0.006516861,0.018362092,0.00375,-1.029397845,1.204430938,-9.17E-05
0.006971605,0.018549328,-0.1225,-1.020023584,1.209288478,-9.17E-05
0.008303269,0.023108205,-0.08375,-1.006407142,1.216675401,-9.17E-05
0.009348258,0.028385714,0,-0.995038152,1.224580288,-9.17E-05
0.040314122,0.010471942,-0.085,-1.041489124,1.194751263,-9.17E-05
0.041042531,0.012461855,-0.12,-1.030018568,1.19863534,-9.17E-05
0.025630783,0.016548265,-0.08625,-1.027049899,1.203237414,-9.17E-05
0.006849811,0.020860281,-0.03625,-1.016406178,1.2098701,-9.17E-05
-0.00580288,0.023722646,-0.05125,-1.004323483,1.217324018,-9.17E-05
0.018736089,0.014748856,-0.045,-1.049441814,1.197873116,-9.17E-05
0.029316955,0.016466117,-0.11375,-1.032838941,1.203196168,-9.17E-05
0.067737428,0.018697584,-0.12875,-0.992577672,1.210406899,-9.17E-05
0.120300691,0.024042419,-0.0275,-0.951659918,1.220265269,-9.17E-05
0.170195317,0.026211842,-0.06625,-0.925974488,1.229291439,-9.17E-05
0.216969396,0.013121863,-0.0925,-0.981835842,1.209341407,-9.17E-05
0.238453322,0.016230466,-0.08625,-0.978154361,1.21398139,-9.17E-05
0.245853254,0.019724349,-0.0825,-0.990578532,1.219359875,-9.17E-05
0.253053257,0.022802826,-0.0675,-0.973337233,1.226226449,-9.17E-05
0.279181777,0.027307176,-0.03375,-0.964808106,1.237097383,-9.17E-05
0.306638802,0.026930667,-0.1675,-0.94583106,1.245002031,-9.17E-05
0.385988407,0.013593704,-0.06375,-0.994697094,1.218096614,-9.17E-05
0.425726469,0.016902924,-0.1025,-0.989626527,1.235264897,-9.17E-05
0.475873723,0.018105252,-0.0525,-0.975105464,1.241425395,-9.17E-05
0.528350264,0.020257926,-0.0825,-0.97211808,1.240386724,-9.17E-05
0.614230174,-0.003785575,-0.025,-1.01730442,1.1846385,-9.17E-05
0.660167038,-0.002091594,-0.05,-1.009709597,1.185969472,-9.17E-05
0.700693214,0.002013892,-0.055,-1.019364595,1.203620315,-9.17E-05
0.734888231,0.004360555,-0.015,-1.019351959,1.230226398,-9.17E-05
0.773614195,0.003901071,-0.06,-1.008810282,1.244168282,-9.17E-05
0.833863091,-0.006838482,-0.03875,-1.052122235,1.22428894,-9.17E-05
0.870833573,-0.003803101,0.03375,-1.029434085,1.233441353,-9.17E-05
0.901077253,-0.000925359,0.0425,-1.007929921,1.24555409,-9.17E-05
0.93168151,0.001443099,-0.0075,-0.98904556,1.266597271,-9.17E-05
0.963886688,0.003654925,-0.10875,-0.972309768,1.295485139,-9.17E-05
1.016818657,-0.015236078,-0.04625,-1.00699842,1.28115356,-9.17E-05
1.051298184,-0.015651698,-0.1025,-0.977439284,1.292510509,-9.17E-05
1.068950114,-0.012227852,-0.035,-0.961254835,1.288223028,-0.04412844
1.095905,-0.012571486,-0.2575,-0.935870588,1.272332788,-0.361834862
1.101037822,-0.008492266,-0.61875,-0.930971205,1.270949721,-0.395229358
1.105836614,-0.004103019,-0.81,-0.909280539,1.262818456,-0.395229358
1.137736465,-0.017922828,-1.35125,-0.985095918,1.219997406,-0.395229358
1.144648588,-0.014940316,-1.69,-0.971821666,1.211112022,-0.395229358
1.158857431,-0.009198861,-1.94625,-0.942732155,1.209887385,-0.395229358
1.168965976,-0.011142584,-2.385,-0.944568038,1.201851249,-0.395229358
1.222377342,-0.02932016,-2.7325,-1.004506826,1.1537323,-0.395229358
1.242386849,-0.022128355,-3.03,-1.008328199,1.142539978,-0.395229358
1.264791817,-0.023740013,-3.5225,-0.982232153,1.135716081,-0.395229358
1.283909526,-0.019408839,-3.99625,-0.953303039,1.131424785,-0.395229358
1.302695282,-0.017156832,-4.52875,-0.950158477,1.13753736,-0.395229358
1.364110101,-0.033258284,-5.09375,-1.019102097,1.087819576,-0.395229358
1.38858329,-0.032768306,-5.8025,-0.997897148,1.059689641,-0.395229358
1.415251461,-0.031438058,-6.4675,-0.996525466,1.025582552,-0.305412844
1.438571118,-0.025629808,-7.14625,-1.006678343,1.034836292,-0.23233945
1.462358756,-0.022451766,-7.53625,-1.009961843,1.028030276,-0.160366972
1.518928888,-0.051483462,-7.835,-1.080679059,0.95953095,-0.091559633
1.553240093,-0.042265793,-7.46875,-1.086933732,0.953532755,-0.02766055
1.588179988,-0.033358233,-7.11875,-1.092957497,0.973383725,-0.011284404
1.626118638,-0.034133117,-6.84125,-1.094515085,0.988177001,-0.003761468
1.665179991,-0.033027016,-6.62125,-1.058328867,0.991932333,-9.17E-05
1.729759955,-0.039395665,-6.0725,-1.10453701,1.012535095,-9.17E-05
1.761505703,-0.035919361,-5.4875,-1.117188692,1.10159874,-9.17E-05
1.801901982,-0.032284869,-5.08125,-1.120755672,1.149493456,-9.17E-05
1.827455385,-0.031127083,-4.5325,-1.075887918,1.167123079,-9.17E-05
1.852373519,-0.021746767,-4.16625,-1.068430781,1.210612535,-9.17E-05
1.887040941,-0.048750234,-3.5075,-1.142221212,1.167430282,-9.17E-05
1.902024647,-0.051185985,-3.33875,-1.162072539,1.152121067,-9.17E-05
1.91363489,-0.037710334,-2.66,-1.181964397,1.13328588,-9.17E-05
1.932904076,-0.035450863,-2.40125,-1.13325119,1.13875258,-9.17E-05
1.948781701,-0.024151012,-1.81375,-1.128462195,1.182411909,-9.17E-05
1.966146612,-0.021599712,-1.26625,-1.152283311,1.214480639,-9.17E-05
2.031473536,-0.048641525,-0.87625,-1.226319194,1.193873405,0.019311927
2.051371853,-0.043993232,-0.09125,-1.186263204,1.22250545,0.216926606
2.07851081,-0.034799242,0.47125,-1.179068446,1.291076899,0.329908257
2.103370252,-0.03229467,1.31625,-1.158183455,1.332774639,0.348899083
2.163158447,-0.052556972,1.88875,-1.225258589,1.30691421,0.481651376
2.192055973,-0.039201543,2.8475,-1.245206356,1.312807679,0.481651376
2.220269708,-0.040161448,3.1425,-1.19288671,1.372099638,0.481651376
2.229762927,-0.026562709,4.08625,-1.212234735,1.443466306,0.481651376
2.250448466,-0.027024732,4.30875,-1.200159073,1.506096125,0.481651376
2.295570043,-0.060492892,5.135,-1.224927425,1.455382466,0.481651376
2.316741401,-0.041995367,5.68375,-1.204022884,1.451053739,0.481651376
2.345110938,-0.050484042,6.27375,-1.132214785,1.482110739,0.481651376
2.364969941,-0.035562316,7.25375,-1.147982001,1.521222234,0.481651376
2.397915668,-0.032438855,8.04625,-1.141975284,1.59482789,0.481651376
2.44981157,-0.043837584,8.805,-1.155175805,1.69111228,0.481651376
2.470312311,-0.036024494,10.10125,-1.153356791,1.773652196,0.481651376
2.503612279,-0.044973491,10.77125,-1.12996316,1.809281111,0.481651376
2.512525924,-0.035552619,11.815,-1.076165199,1.831731558,0.481651376
2.49694965,-0.042654209,12.46875,-1.109791994,1.806208134,0.481651376
2.49972819,-0.045445515,12.98875,-1.198104978,1.810889482,0.481651376
2.480863369,-0.041517264,13.715,-1.18767786,1.866070747,0.481651376
2.445088023,-0.045761492,13.71,-1.139211297,1.945262432,0.481651376
2.416190349,-0.036707518,14.5525,-1.090562224,2.026805878,0.342522936
2.439828526,-0.04008818,15.18625,-1.01352644,2.073067665,0.187614679
2.43021996,-0.070288067,13.89125,-0.99067235,1.991209745,0.187614679
2.386236177,-0.054903476,13.47,-1.002533555,1.90455246,0.031422018
2.369381435,-0.063338216,12.5825,-0.983642638,1.854813337,-9.17E-05
2.361749233,-0.056166402,12.26125,-0.906611204,1.846004725,-9.17E-05
2.336786636,-0.056565809,11.5025,-0.8720209,1.834305644,-9.17E-05
2.313165438,-0.061987624,10.70625,-0.810176253,1.837443471,-9.17E-05
2.332644101,-0.059912696,10.1425,-0.796624601,1.803946257,-9.17E-05
2.310655024,-0.071232664,9.10875,-0.730280221,1.725037336,-9.17E-05
2.30105278,-0.068587583,8.4225,-0.709252477,1.63487947,-9.17E-05
2.276572908,-0.067968059,7.665,-0.698123574,1.534136176,-9.17E-05
2.254534848,-0.078105643,6.4475,-0.676789284,1.482491612,-9.17E-05
2.230256357,-0.074037331,5.97375,-0.725019276,1.432487726,-9.17E-05
2.207255255,-0.081334027,5.15875,-0.721000075,1.41719532,-9.17E-05
2.179594423,-0.079415125,4.57875,-0.664326787,1.438514948,-9.17E-05
2.15328132,-0.079629189,4.07375,-0.653632224,1.443219304,-9.17E-05
2.122631008,-0.088974966,3.40125,-0.626135886,1.411167145,-9.17E-05
2.112233372,-0.080652356,2.97,-0.653041005,1.377177,-9.17E-05
2.080799229,-0.078400783,2.4125,-0.63786757,1.342431784,-0.001972477
2.055745869,-0.087537491,1.6575,-0.642055929,1.320035338,-0.002477064
2.017434774,-0.090500617,1.0925,-0.622992814,1.262407541,-0.002477064
2.010223434,-0.075594968,0.5925,-0.66790837,1.218500257,-0.002477064
1.984285142,-0.075065684,-0.0375,-0.614013076,1.189234972,-0.017798165
1.954024152,-0.074662015,-0.74125,-0.594738126,1.177531719,-0.091559633
1.925480059,-0.078823824,-1.39625,-0.591468453,1.146221042,-0.119770642
1.896868841,-0.079885773,-1.94,-0.595260382,1.099446416,-0.143486239
1.860989164,-0.071336511,-2.33375,-0.590917826,1.065065861,-0.187614679
1.858741688,-0.075638492,-2.78,-0.624921143,1.04157865,-0.201926606
1.832527751,-0.082143353,-3.27375,-0.618927956,1.017714262,-0.206926606
1.801969767,-0.079562208,-3.67,-0.611717403,0.973839402,-0.211834862
1.770067968,-0.07721969,-4.005,-0.633814394,0.955931842,-0.264862385
1.754472392,-0.062418593,-4.45625,-0.630275667,0.973264873,-0.276100917
1.725147822,-0.057837741,-4.74,-0.614982903,0.966477334,-0.276100917
1.696653115,-0.062702501,-5.52,-0.589753211,0.950868487,-0.276100917
1.663404239,-0.061219286,-5.77,-0.576147616,0.895950735,-0.276100917
1.632480882,-0.059156717,-6.42,-0.555334926,0.839990079,-0.276100917
1.628657188,-0.050588749,-6.5825,-0.609795153,0.82138449,-0.276100917
1.599704273,-0.050697595,-7.155,-0.594811141,0.846146226,-0.276100917
1.570118227,-0.052703717,-7.72125,-0.552931011,0.880708039,-0.276100917
1.536877302,-0.04551425,-7.8675,-0.510155976,0.908751249,-0.276100917
1.506935497,-0.042808284,-8.33625,-0.511647403,0.95996809,-0.276100917
1.508028224,-0.043632399,-8.435,-0.538868368,1.006044626,-0.276100917
1.481980034,-0.044451646,-8.8,-0.534541905,1.051527262,-0.276100917
1.456840852,-0.04060092,-9.115,-0.520087063,1.070295572,-0.276100917
1.432257213,-0.039073544,-9.47375,-0.535823941,1.067751169,-0.276100917
1.410499443,-0.033103227,-9.58125,-0.533681452,1.060669899,-0.276100917
1.409645242,-0.044418488,-9.45125,-0.59519434,1.030219913,-0.276100917
1.383842445,-0.037709833,-9.26375,-0.620078623,1.058807969,-0.276100917
1.349155459,-0.032049757,-9.2125,-0.632745862,1.102723718,-0.216926606
1.329796377,-0.027200041,-8.74,-0.638233244,1.151314378,-0.216926606
1.311557062,-0.018555985,-8.025,-0.640560269,1.177868843,-0.216926606
1.319232808,-0.024680413,-7.8175,-0.709890664,1.193004727,-0.206926606
1.296468077,-0.008199057,-7.05875,-0.713029385,1.254563689,-0.206926606
1.272335897,-0.005697211,-6.785,-0.740375578,1.33598876,-0.105183486
1.25032536,0.003732088,-6.26625,-0.746389985,1.404238582,-0.058899083
1.21749009,0.011140933,-5.63125,-0.754808664,1.444664717,-0.051284404
1.224032857,-0.013777411,-5.365,-0.827713907,1.406758547,-0.051284404
1.202826818,-0.008749898,-4.95,-0.817718983,1.443240285,-0.033394495
1.184812303,0.000403753,-4.40375,-0.807225406,1.456301093,-0.020917431
1.163212862,0.00555381,-4.06875,-0.785627127,1.475035429,-0.019311927
1.139480777,0.015278404,-3.525,-0.78489393,1.525357127,-0.019311927
1.119356029,0.02501368,-3.0675,-0.783556104,1.57716608,-0.016422018
1.153841155,-0.016474016,-2.83875,-0.809049249,1.533049107,-0.016422018
1.133320597,-0.00745357,-2.31875,-0.815480769,1.530225277,-0.016422018
1.129677113,0.000849961,-1.985,-0.808077455,1.517018795,-0.016422018
1.122588223,0.007413506,-1.68125,-0.783536613,1.527017474,-0.016422018
1.139386568,-0.012016536,-1.4625,-0.818676233,1.522737861,-0.016422018
1.136957452,-0.007101703,-1.16125,-0.783598602,1.581960917,-0.016422018
1.135155204,-0.005113414,-0.855,-0.796191633,1.608204246,-0.016422018
1.130780109,0.001243878,-0.68875,-0.774253428,1.60829401,-0.035458716
1.137491791,0.009019154,-0.615,-0.789146841,1.582629561,-0.07
1.157871563,-0.022530892,-0.95875,-0.825638771,1.494807243,-0.098256881
1.162389707,-0.013709706,-1.26375,-0.816602767,1.487510085,-0.101697248
1.158794311,-0.005916244,-1.50875,-0.808687985,1.503929734,-0.101697248
1.160140513,-0.004121796,-1.90375,-0.781519234,1.531949282,-0.101697248
1.156724571,0.002955356,-2.145,-0.793450594,1.556213021,-0.101697248
1.190749975,-0.02407251,-2.61,-0.85670954,1.544354081,-0.101697248
1.199645737,-0.020318646,-2.8175,-0.884477854,1.592961311,-0.101697248
1.206575583,-0.0148437,-2.73875,-0.878954947,1.614125967,-0.101697248
1.217512426,-0.012275579,-2.86625,-0.89160639,1.618330836,-0.101697248
1.215809569,-0.004953125,-2.95875,-0.885327816,1.648519278,-0.105183486
1.25633557,-0.016069936,-2.75875,-0.954261601,1.647522688,-0.105183486
1.252232416,-0.018836351,-3.08875,-0.967729986,1.677610278,-0.105183486
1.257398374,-0.015795939,-3.08875,-0.981181145,1.677718759,-0.105183486
1.252868562,-0.007968116,-2.9875,-1.010787606,1.657950759,-0.105183486
1.258163942,-0.009650536,-3.16,-1.017619252,1.63062799,-0.105183486
1.288809281,-0.022621169,-3.1075,-1.073940992,1.588867545,-0.116055046
1.297727458,-0.016650674,-3.10375,-1.073514223,1.612887263,-0.116055046
1.311232689,-0.019221164,-3.555,-1.076823115,1.61469686,-0.119770642
1.323756175,-0.018020501,-3.63375,-1.088567257,1.598795414,-0.119770642
1.352527441,-0.006824428,-3.735,-1.112384439,1.597375035,-0.119770642
1.40741249,-0.038020744,-3.91125,-1.171903253,1.543904305,-0.119770642
1.441492211,-0.03464076,-3.84,-1.193234205,1.546764493,-0.119770642
1.473043491,-0.024546962,-4.0225,-1.186418891,1.578910828,-0.119770642
1.50929267,-0.016606322,-4.06625,-1.192220211,1.657046199,-0.119770642
1.542888913,-0.015558693,-4.25125,-1.191147447,1.731594324,-0.119770642
1.574961229,-0.013596458,-4.405,-1.212607861,1.769711256,-0.119770642
1.636735972,-0.03355967,-4.45625,-1.289420366,1.734555006,-0.119770642
1.669774769,-0.029510536,-4.62375,-1.280703306,1.724896789,-0.119770642
1.696609934,-0.022400209,-4.62,-1.310811281,1.740020275,-0.119770642
1.720272839,-0.016570846,-4.685,-1.301160216,1.754329324,-0.119770642
1.738992444,-0.015709684,-4.89125,-1.325625658,1.770315289,-0.119770642
1.787018271,-0.032979093,-4.82,-1.393026948,1.729736328,-0.119770642
1.814980449,-0.026834257,-4.9225,-1.391496778,1.748412371,-0.119770642
1.856296628,-0.023730079,-5.1075,-1.425247312,1.753680825,-0.119770642
1.893109575,-0.017933733,-5.1625,-1.425606728,1.768412352,-0.088302752
1.935386274,-0.017433793,-5.3825,-1.424327374,1.75413692,-0.07
1.97577227,-0.00524702,-4.65,-1.437303543,1.75132978,-0.02766055
2.008861465,-0.002505879,-4.19375,-1.423726082,1.718904376,-9.17E-05
2.028074646,0.004262127,-3.78625,-1.469223022,1.6849612,-9.17E-05
2.046944772,0.013280582,-3.29125,-1.453447342,1.682525158,-9.17E-05
2.05135906,0.023178757,-2.77375,-1.475237131,1.702658415,-9.17E-05
2.070363009,0.036646224,-2.34125,-1.459968567,1.754013062,-9.17E-05
2.087137608,0.038873067,-1.67125,-1.409029245,1.806754589,-9.17E-05
2.125511289,0.052294276,-1.12,-1.371360898,1.858978748,0.123577982
2.155482206,0.051706505,-0.695,-1.322540641,1.897768736,0.131422018
2.25147595,0.015157965,0.26,-1.346448302,1.785280347,0.135321101
2.289738546,0.022984593,0.75625,-1.302045465,1.754572511,0.135321101
2.317334337,0.029712419,1.68625,-1.275914431,1.752361536,0.135321101
2.32606019,0.04124116,2.57875,-1.337310672,1.749228239,0.135321101
2.339840451,0.05083926,3.035,-1.311744571,1.776043773,0.003119266
2.329216441,0.054475471,3.22625,-1.326404572,1.793055415,-9.17E-05
2.328753591,0.048037514,2.14125,-1.287262559,1.763464689,0.008990826
2.322996125,0.066015243,2.07,-1.253179669,1.691385746,0.029495413
2.337697289,0.059005974,1.30375,-1.227163911,1.623447418,0.116055046
2.343711914,0.084829764,2.29125,-1.193466544,1.673579454,0.173761468
2.37134719,0.086605587,2.9275,-1.186971307,1.726232886,0.227155963
2.396595681,0.095354322,3.57,-1.138062716,1.789234638,0.227155963
2.424408095,0.103985648,4.4275,-1.094355941,1.843160391,0.227155963
2.419911795,0.097374373,4.5975,-1.100500464,1.883075595,0.23233945
2.431640231,0.11530175,5.51625,-0.988660574,1.926872849,0.248348624
2.575636813,-0.049811915,6.2,-1.169204116,1.756134391,0.253761468
2.568954248,-0.044467957,6.75625,-1.139213324,1.783737063,0.253761468
2.559986839,-0.050189536,7.41125,-1.184580088,1.784625292,0.253761468
2.55618918,-0.037058374,8.145,-1.128870487,1.838239551,0.253761468
2.543228412,-0.024495224,9.10125,-1.098074198,1.958411455,0.253761468
2.53372296,-0.034045471,9.815,-1.104555488,2.013297558,0.259266055
2.582126434,-0.036934732,10.66125,-1.13916564,2.030073404,0.270458716
2.571223105,-0.04165873,11.7525,-1.093050957,1.989135265,0.270458716
2.567498852,-0.041314546,12.105,-1.058394909,1.968254447,0.270458716
2.533679329,-0.019990823,13.215,-1.089013934,1.988844037,0.156100917
2.517035228,-0.038515762,11.8975,-1.130122304,2.013149977,0.156100917
2.504867192,-0.051864293,11.3,-1.169417143,1.954474092,0.156100917
2.487480752,-0.059962638,10.9575,-1.122462511,1.850494623,0.28766055
2.491218966,-0.05224954,11.645,-1.03415978,1.823521495,0.293577982
2.472540227,-0.038456185,12.29125,-1.012928367,1.830087185,0.317522936
2.477106488,-0.06374335,12.51375,-1.154363632,1.856844425,0.317522936
2.503179223,-0.053399174,13.56625,-1.068620682,1.850946307,0.323761468
2.471480619,-0.065412644,13.82,-1.088595867,1.820439458,0.323761468
2.48445014,-0.061003844,14.56875,-1.069834948,1.76648891,0.323761468
2.458508631,-0.059458011,15.10625,-1.019661903,1.695336103,0.323761468
2.457171427,-0.069090021,15.525,-1.035802484,1.653876066,0.323761468
2.459663993,-0.056470168,16.30625,-0.912470222,1.606276751,0.253761468
2.449709242,-0.074857019,15.8025,-0.945889354,1.501386642,0.253761468
2.456114375,-0.075587245,14.78625,-0.890853345,1.380870342,0.201972477
2.45609311,-0.07389548,14.45875,-0.879321992,1.31377399,0.178302752
2.446575549,-0.07979574,13.655,-0.795053005,1.226494074,0.178302752
2.464143651,-0.068399479,13.1925,-0.794971168,1.189991474,0.222018349
2.451988004,-0.079617297,12.7525,-0.787928939,1.111988306,0.222018349
2.468433733,-0.078625239,12.92625,-0.793643832,1.052113891,0.164770642
2.457827984,-0.079690075,12.0525,-0.769174278,0.965894461,0.07
2.456957534,-0.077065912,11.5925,-0.761238813,0.901475191,-9.17E-05
2.454773232,-0.084010269,10.8125,-0.772460103,0.840668142,-9.17E-05
2.428415944,-0.084240861,9.98125,-0.759983897,0.821154416,-9.17E-05
2.399875302,-0.082709906,9.06375,-0.758564472,0.798316836,-9.17E-05
2.365282189,-0.099415635,7.9425,-0.733675182,0.783560812,-9.17E-05
2.33750451,-0.088159453,7.24875,-0.687218189,0.802003026,-9.17E-05
2.342084574,-0.093653015,6.5025,-0.65529269,0.802568138,-9.17E-05
2.324134217,-0.101466501,5.43,-0.593458414,0.775625825,-9.17E-05
2.299930764,-0.095556529,5.0975,-0.580358863,0.728691816,-9.17E-05
2.27315242,-0.107801787,4.445,-0.562809229,0.679449081,-9.17E-05
2.2503163,-0.075920617,3.77875,-0.551063895,0.736639559,-9.17E-05
2.235452332,-0.077916135,3.42,-0.53179431,0.794100821,-9.17E-05
2.207212755,-0.078574823,2.62,-0.550003231,0.878329456,-9.17E-05
2.16331816,-0.080543035,2.185,-0.534414649,0.892579019,-9.17E-05
2.130550493,-0.090447548,1.54125,-0.50710243,0.854598999,-9.17E-05
2.127816804,-0.085268,0.975,-0.466832787,0.829363406,-9.17E-05
2.113733354,-0.080844195,0.2325,-0.507959127,0.832175434,-9.17E-05
2.061557749,-0.081758193,-0.15875,-0.517284751,0.85513562,-9.17E-05
2.033728276,-0.067705528,0.09375,-0.500146031,0.923883736,-9.17E-05
2.012567327,-0.074961711,-0.16,-0.462621093,1.00661695,-9.17E-05
2.013525254,-0.082872495,-0.10125,-0.4417983,1.010086417,-9.17E-05
1.980486814,-0.086721154,0.0025,-0.423885673,0.960194647,-9.17E-05
1.931902713,-0.084252064,-0.13,-0.434439301,0.934673131,-9.17E-05
1.905328193,-0.072418357,0.175,-0.432418317,0.944347739,-9.17E-05
1.874174951,-0.072580248,-0.4075,-0.347812563,1.071058512,-9.17E-05
1.8560478,-0.060725264,0,-0.347607106,1.170323133,-9.17E-05
1.825025039,-0.0660335,-0.07625,-0.312907577,1.177767158,-9.17E-05
1.793972032,-0.057636244,-0.06625,-0.285441339,1.198939443,-9.17E-05
1.767270282,-0.057314241,0.01,-0.278818101,1.208867908,-9.17E-05
1.749562337,-0.053326242,-0.04125,-0.258887768,1.224762797,-9.17E-05
1.738789414,-0.052115997,0.03125,-0.244338155,1.234302521,-9.17E-05
1.720625745,-0.050631975,-0.185,-0.222960263,1.265339851,-9.17E-05
1.702043796,-0.041900381,0.0625,-0.21200256,1.317699909,-9.17E-05
1.686646777,-0.043458111,-0.0075,-0.211793542,1.345460296,-9.17E-05
1.667542593,-0.040684544,-0.085,-0.177478492,1.367389679,-9.17E-05
1.667553383,-0.056140382,0.01,-0.213233143,1.324396968,-9.17E-05
1.655829499,-0.058576773,-0.1225,-0.205035552,1.315427542,-9.17E-05
1.640802561,-0.050185681,0.00125,-0.159912392,1.308962941,-9.17E-05
1.621034643,-0.044894326,0.035,-0.14199771,1.309702873,-9.17E-05
1.615306267,-0.042544442,-0.15625,-0.142099708,1.359077454,-9.17E-05
1.615228808,-0.03805293,0.09625,-0.111434773,1.37686336,-9.17E-05
1.656375849,-0.057937249,-0.13375,-0.153313547,1.339870453,-9.17E-05
1.678258918,-0.050468347,0.05125,-0.158347204,1.324918985,-9.17E-05
1.706002164,-0.045234261,0.15625,-0.120810725,1.322939873,-9.17E-05
1.738956781,-0.043422537,-0.02625,-0.110986337,1.343116879,-9.17E-05
1.786981915,-0.046167135,-0.04125,-0.131641373,1.315088272,-9.17E-05
1.794943174,-0.046507813,-0.05625,-0.129123688,1.274561405,-0.004449541
1.791465627,-0.032208038,-0.00875,-0.122188844,1.295471311,-0.017798165
1.775613836,-0.02933207,-0.39,-0.091663018,1.31250155,-0.017798165
1.740019994,-0.038654132,-1.12125,-0.100957133,1.345714808,-0.017798165
1.72832611,-0.030203108,-0.66,-0.124336131,1.379769206,-0.019311927
1.714222734,-0.03543853,-1.04375,-0.099331878,1.431676626,-0.019311927
1.708252024,-0.036786066,-0.99375,-0.034797873,1.45952785,-0.019311927
1.691890614,-0.029940982,-0.7525,-0.075602993,1.437226534,-0.048853211
1.69089286,-0.033808428,-1.315,-0.012657774,1.403760672,-0.28766055
1.694758981,-0.050056578,-1.85375,-0.115844637,1.337431431,-0.29353211
1.690467381,-0.045939017,-1.9975,-0.091304764,1.303873777,-0.29940367
1.665583798,-0.042249822,-2.735,-0.102650121,1.327661753,-0.29940367
1.653286599,-0.030816413,-2.73625,-0.085976198,1.367166281,-0.29940367
1.641719974,-0.044925862,-3.58625,-0.108503357,1.351764798,-0.29940367
1.634484135,-0.037268966,-3.6975,-0.100917995,1.296710491,-0.375
1.650219096,-0.047594019,-4.2175,-0.19090651,1.244751334,-0.481651376
1.634447996,-0.05071669,-4.80625,-0.219942585,1.255487323,-0.481651376
1.609434358,-0.042165446,-5.035,-0.266852468,1.207584023,-0.481651376
1.58278476,-0.043124545,-5.6875,-0.305764884,1.176224351,-0.481651376
1.55135938,-0.029906659,-6.08,-0.354811639,1.178137064,-0.481651376
1.541397433,-0.046530639,-6.72375,-0.472297281,1.148148775,-0.481651376
1.513410094,-0.043445541,-7.17375,-0.483184606,1.102556586,-0.481651376
1.467648013,-0.026195268,-7.22,-0.548644304,1.094073653,-0.481651376
1.438886169,-0.030832793,-7.79875,-0.574231386,1.096781969,-0.481651376
1.410865116,-0.022806843,-7.8425,-0.615688086,1.091308236,-0.481651376
1.384972914,-0.019050797,-8.2525,-0.615722299,1.092983127,-0.481651376
1.356538,-0.003911819,-8.45875,-0.648174703,1.138922334,-0.481651376
1.343838079,-0.00220613,-8.70375,-0.68480742,1.191357255,-0.481651376
1.317016918,0.001888335,-9.14625,-0.712108314,1.22025919,-0.481651376
1.33073232,-0.001679723,-9.69375,-0.771529019,1.220337272,-0.481651376
1.315042061,0.001316664,-9.94875,-0.816140115,1.229071498,-0.481651376
1.305324362,0.008555105,-10.72875,-0.865639091,1.212594986,-0.481651376
1.298022897,0.017776432,-11.2525,-0.869959116,1.238544822,-0.481651376
1.28975794,0.027131563,-11.69,-0.90390867,1.247795582,-0.481651376
1.277016496,0.031309788,-12.305,-0.931074023,1.294645429,-0.481651376
1.351055401,-0.008177186,-12.73625,-1.092628956,1.226560473,-0.481651376
1.349373287,-0.002277631,-13.2525,-1.08744359,1.269099951,-0.481651376
1.356416125,0.006915035,-13.69875,-1.085240126,1.283311248,-0.481651376
1.356203213,0.008776707,-14.24375,-1.097689271,1.332054734,-0.481651376
1.363803431,0.01737405,-14.7975,-1.090636373,1.349163532,-0.481651376
1.390602844,-0.005161364,-15.31875,-1.145050883,1.297485709,-0.481651376
1.39075367,-0.00809411,-16.2425,-1.168138385,1.24218452,-0.481651376
1.383900874,0.002209674,-16.65875,-1.188444853,1.187888741,-0.481651376
1.381236668,0.016131148,-17.45125,-1.219438314,1.151798725,-0.481651376
1.377766229,0.024000852,-18.2125,-1.245485187,1.195601106,-0.481651376
1.382532734,0.039877553,-18.84875,-1.268220544,1.218894601,-0.481651376
1.390617058,0.045732516,-19.08125,-1.283688664,1.25363791,-0.481651376
1.405217701,0.054627212,-19.34375,-1.302975774,1.215164185,-0.481651376
1.417454366,0.06859901,-19.57375,-1.336879015,1.202520132,-0.481651376
1.439476955,0.081983061,-19.6825,-1.346038818,1.144155383,-0.481651376
1.450445433,0.096915276,-20.05875,-1.35265696,1.111299276,-0.481651376
1.46657716,0.106206009,-20.10375,-1.361815095,1.093780994,-0.481651376
1.467238169,0.13073068,-20.30625,-1.397105336,1.162332416,-0.481651376
1.487695533,0.144130503,-20.25875,-1.439463139,1.221702695,-0.481651376
1.503075049,0.153093831,-20.76875,-1.468982577,1.221266031,-0.481651376
1.541810781,0.091787417,-20.8875,-1.539371014,1.084281921,-0.481651376
1.543765715,0.124312492,-20.7425,-1.625111341,1.084093928,-0.481651376
1.551436695,0.12966192,-20.6925,-1.666375875,1.086158156,-0.481651376
1.548563615,0.147154912,-20.86625,-1.711422563,1.048165202,-0.481651376
1.553346769,0.166302845,-20.71875,-1.782071471,1.036948085,-0.481651376
1.566160843,0.173638514,-21.1425,-1.818087578,0.981261432,-0.481651376
1.580129054,0.184400303,-21.3125,-1.838806391,0.934359789,-0.481651376
1.58193832,0.220980764,-20.8175,-1.964645624,0.896368325,-0.481651376
1.604617414,0.217114431,-21.9675,-2.02317977,0.837310612,-0.481651376
1.617570369,0.251453332,-21.2925,-2.05468297,0.827259362,-0.481651376
1.633551036,0.269290553,-21.7775,-2.152083874,0.815697074,-0.481651376
1.655464754,0.280062473,-21.88,-2.240912199,0.888670802,-0.481651376
1.683240817,0.314410153,-21.8375,-2.340928078,0.853791475,-0.481651376
1.708315983,0.308858869,-22.4425,-2.373537064,0.82606703,-0.481651376
1.671346263,0.028473363,-22.09625,-2.459449768,0.33128193,-0.481651376
1.673905356,0.035165341,-22.4575,-2.523298025,0.198567823,-0.481651376
1.673810043,0.036570479,-22.415,-2.606501102,0.021342125,-0.481651376
1.669876759,0.071728746,-22.16,-2.674321175,-0.104574449,-0.481651376
1.661169361,0.083608097,-22.10125,-2.716884851,-0.127044752,-0.481651376
1.651600464,0.114054014,-21.825,-2.764467478,-0.160510004,-0.481651376
1.656183801,0.102946923,-22.23375,-2.767630339,-0.239083588,-0.481651376
1.659678811,0.141511629,-21.66875,-2.78251791,-0.332407415,-0.481651376
1.664639803,0.154378123,-22.295,-2.765921116,-0.305888981,-0.481651376
1.668518991,0.180653815,-21.79625,-2.777148485,-0.255241632,-0.481651376
1.665788664,0.191360019,-21.81125,-2.80225563,-0.237100273,-0.481651376
1.661734206,0.206358789,-21.8325,-2.807997704,-0.29329887,-0.481651376
1.672845961,0.21973223,-21.87625,-2.746117592,-0.352372348,-0.481651376
1.695009152,0.244786056,-22.015,-2.674628019,-0.406209975,-0.481651376
1.698827313,0.262534314,-21.95,-2.638403416,-0.423124373,-0.481651376
1.678566009,0.281421282,-21.3175,-2.618283987,-0.4245193,-0.481651376
1.66767198,0.143929307,-21.745,-2.631088734,-0.665287197,-0.481651376
1.673255129,0.170422283,-21.38875,-2.617479801,-0.653497875,-0.481651376
1.693219818,0.168424231,-21.68875,-2.623612404,-0.736254871,-0.481651376
1.703503678,0.186658791,-21.74125,-2.615156651,-0.853685737,-0.481651376
1.694055708,0.203024778,-21.26875,-2.609023571,-0.940577388,-0.481651376
1.681780477,0.22860665,-21.21125,-2.662303925,-0.955332339,-0.481651376
1.68903577,0.232544335,-21.2,-2.630747318,-0.945640266,-0.481651376
1.695812893,0.259600966,-20.945,-2.6361835,-0.96748507,-0.481651376
1.705757702,0.25536494,-21.1575,-2.619349241,-1.047787666,-0.481651376
1.704954152,0.278393438,-20.99125,-2.602319956,-1.110449672,-0.481651376
1.711697924,0.30478462,-20.68875,-2.613626719,-1.093847871,-0.481651376
1.71917926,0.312468788,-20.79875,-2.58859539,-1.070986271,-0.481651376
1.719783758,0.323658585,-20.715,-2.579502583,-1.056111813,-0.481651376
1.718270121,0.341357363,-20.335,-2.611046076,-1.058622479,-0.481651376
1.56184879,0.022993239,-20.45875,-2.473374128,-1.493936181,-0.481651376
1.558314539,0.035847618,-20.12,-2.456010103,-1.569940567,-0.481651376
1.546973833,0.046190621,-20.20125,-2.423150778,-1.621354222,-0.481651376
1.52804178,0.063549954,-19.975,-2.372395277,-1.623328328,-0.481651376
1.517296858,0.07959152,-19.61375,-2.368045568,-1.611543775,-0.481651376
1.50856898,0.083917865,-19.8075,-2.329133272,-1.614528894,-0.481651376
1.50194966,0.01159031,-19.30125,-2.340596676,-1.794584036,-0.481651376
1.484804967,0.024292692,-19.1225,-2.29446435,-1.806384802,-0.481651376
1.4667833,0.037071646,-19.0225,-2.229939461,-1.749172449,-0.348853211
1.460420942,0.050710945,-18.4125,-2.174281597,-1.698235154,-0.147568807
1.455072906,0.057602373,-17.84375,-2.130567789,-1.672356725,-0.048853211
1.454856911,0.058607001,-17.2225,-2.073771,-1.682406425,-0.016422018
1.448326647,0.0746257,-16.2475,-1.998833895,-1.70077765,-9.17E-05
1.43812557,0.092573167,-15.2925,-1.976468801,-1.669458508,-9.17E-05
1.433645668,0.099504853,-14.715,-1.956627369,-1.645678759,-9.17E-05
1.427160144,0.112404465,-14.07,-1.908739328,-1.628598571,-9.17E-05
1.41749339,0.127025425,-13.31625,-1.887083292,-1.626234293,-9.17E-05
1.403048555,0.1386586,-12.8625,-1.851761818,-1.595908403,-9.17E-05
1.39320996,0.15001432,-12.21625,-1.820904732,-1.576416969,-9.17E-05
1.384016326,0.164701531,-11.68875,-1.782406688,-1.56150651,-9.17E-05
1.37161485,0.172628384,-11.24,-1.743143678,-1.562962532,-9.17E-05
1.33924196,0.131369423,-10.53,-1.705968738,-1.661695242,-9.17E-05
1.357867721,0.139328174,-10.36375,-1.634027481,-1.675508022,-9.17E-05
1.345876777,0.16041131,-9.5825,-1.604554892,-1.622243524,-9.17E-05
1.354123075,0.169430042,-9.31125,-1.55418694,-1.571383238,-9.17E-05
1.357893021,0.184252635,-8.52625,-1.490573287,-1.492517233,-9.17E-05
1.36561631,0.197001891,-8.2975,-1.49097383,-1.446559787,-9.17E-05
1.379282587,0.2005471,-7.9175,-1.432673216,-1.408656955,-9.17E-05
1.402437381,0.223182451,-7.37375,-1.416110873,-1.431136608,-9.17E-05
1.414382615,0.232475694,-7.34375,-1.365614533,-1.392862797,-9.17E-05
1.441788839,0.249628282,-6.875,-1.353095055,-1.365741968,-9.17E-05
1.448450416,0.257300187,-6.75125,-1.322549701,-1.327460885,-9.17E-05
1.472532459,0.271365237,-6.26,-1.286041141,-1.331151724,-9.17E-05
1.477908804,0.285162351,-5.8675,-1.257933259,-1.343429923,-0.078899083
1.492314212,0.302914822,-5.28625,-1.241823196,-1.349969029,-0.264862385
1.419193519,0.020058885,-5.5275,-1.180190921,-1.673268914,-0.336146789
1.415314611,0.029829519,-5.81625,-1.148941278,-1.633902073,-0.342522936
1.412950969,0.038718276,-6.09,-1.130250454,-1.64223063,-0.348853211
1.405995117,0.033443961,-6.99,-1.098186731,-1.667254567,-0.348853211
1.397744272,0.052827206,-7.07875,-1.088841438,-1.701191902,-0.368394495
1.431137756,-0.007180916,-7.4375,-1.189851642,-1.801971316,-0.375
1.425202219,-0.002052588,-7.8375,-1.180771589,-1.75770247,-0.375
1.422446885,0.005438943,-8.01125,-1.157504559,-1.7427634,-0.375
1.418229831,0.005182886,-8.7725,-1.109618664,-1.746026278,-0.375
1.416811165,0.013935982,-9.0575,-1.071794271,-1.749089122,-0.375
1.41317142,0.019476088,-9.55875,-1.043858528,-1.769474745,-0.375
1.415961572,-0.019049241,-9.97625,-1.026573896,-1.830549359,-0.375
1.412794025,-0.012754332,-10.57875,-0.994217694,-1.803081751,-0.375
1.404903491,-0.00703361,-11.07375,-0.947285473,-1.757263184,-0.375
1.396838562,0.0042673,-11.60375,-0.926588118,-1.720469356,-0.375
1.392049238,0.004984027,-12.23,-0.899003029,-1.70877862,-0.375
1.406995608,-0.032310189,-12.8075,-0.895318151,-1.782584429,-0.375
1.395994339,-0.018853771,-13.08625,-0.838296413,-1.764132977,-0.375
1.388409417,-0.014242633,-13.16625,-0.811923087,-1.73658514,-0.375
1.385369574,-0.016604855,-13.3775,-0.762631774,-1.752778053,-0.375
1.404934926,-0.03134398,-13.16375,-0.774623334,-1.819717526,-0.375
1.400661371,-0.019975392,-13.105,-0.736390769,-1.782029986,-0.375
1.385222384,-0.013950157,-13.21125,-0.692009032,-1.699363828,-0.375
1.382885147,-0.014237139,-13.06875,-0.637191117,-1.678926587,-0.317522936
1.366795997,-0.004817597,-12.9325,-0.620875359,-1.660097957,-0.305412844
1.38164038,-0.039095418,-12.44875,-0.644992769,-1.694277644,-0.216926606
1.378396731,-0.025951692,-11.93125,-0.655959129,-1.615324616,-9.17E-05
1.377505504,-0.028957169,-11.76875,-0.591722012,-1.567464113,-9.17E-05
1.37470249,-0.019121924,-11.15875,-0.529658496,-1.552639604,-9.17E-05
1.369210375,-0.014297587,-10.62375,-0.496394426,-1.536398649,-9.17E-05
1.378922629,-0.036571122,-10.2125,-0.498198777,-1.545382261,-9.17E-05
1.375925813,-0.026154998,-9.4425,-0.437343955,-1.50924921,0.010137615
1.374676033,-0.025399923,-9.0375,-0.414093435,-1.485623598,0.317522936
1.368948829,-0.012526308,-8.44,-0.40750435,-1.441569924,0.481651376
1.370394203,-0.004870872,-7.98875,-0.381841987,-1.408608913,0.481651376
1.389368122,-0.027367387,-7.535,-0.391978174,-1.444068432,0.481651376
1.389947479,-0.022975851,-7.28375,-0.352954954,-1.451609254,0.481651376
1.386646421,-0.010833873,-6.855,-0.328930438,-1.422440767,0.481651376
1.387235509,-0.006074505,-6.51,-0.307286084,-1.387265444,0.481651376
1.383428091,0.000401027,-6.06875,-0.311085075,-1.358053446,0.481651376
1.38489111,0.004911818,-5.795,-0.292817354,-1.345552325,0.481651376
1.397877487,-0.025878,-5.095,-0.294605762,-1.402679086,0.481651376
1.397536716,-0.022460607,-4.7725,-0.255269796,-1.352497458,0.481651376
1.403199118,-0.007499073,-4.0075,-0.242822364,-1.252117753,0.481651376
1.407054862,-0.004532906,-3.76375,-0.22242263,-1.139811039,0.481651376
1.425148885,-0.026889107,-3.2475,-0.255156964,-1.084123611,0.481651376
1.430715293,-0.018927187,-2.8075,-0.28257218,-0.98557651,0.481651376
1.438101175,-0.015904795,-2.66125,-0.283388674,-0.882798612,0.481651376
1.434947354,-0.004546644,-2.14,-0.286747038,-0.780402184,0.481651376
1.432069176,-0.004927051,-1.875,-0.296457112,-0.699811995,0.481651376
1.441965892,-0.019240154,-1.39625,-0.347205669,-0.677397311,0.481651376
1.437176831,-0.01815548,-1.02625,-0.374977618,-0.647036016,0.481651376
1.424884502,-0.016785321,-0.75875,-0.4158068,-0.646349728,0.481651376
1.418913926,-0.003538548,-0.19875,-0.463391483,-0.654459953,0.481651376
1.405623464,-0.004544965,0.3675,-0.491742134,-0.704984486,0.481651376
1.398738331,-0.003772919,0.59875,-0.535705864,-0.76966387,0.481651376
1.411650715,-0.016598875,1.4925,-0.623801947,-0.871063948,0.481651376
1.398902473,-0.011421878,1.70375,-0.63207978,-0.869194269,0.481651376
1.384565515,-0.001255835,2.27125,-0.663954377,-0.824719369,0.481651376
1.375269552,-0.001133929,2.43875,-0.702480972,-0.797776759,0.481651376
1.368846659,0.005237008,2.8575,-0.701628923,-0.779662549,0.481651376
1.389422317,-0.019748635,3.165,-0.772371829,-0.827364028,0.481651376
1.390740658,-0.011809533,3.5125,-0.789993346,-0.781701326,0.481651376
1.388771399,-0.006863602,3.92125,-0.755636096,-0.729169428,0.481651376
1.390560425,-0.000874524,4.3775,-0.762050807,-0.660253763,0.481651376
1.416411133,-0.021140529,4.93125,-0.81675905,-0.638483405,0.481651376
1.422541031,-0.013346888,5.51,-0.802224576,-0.577867746,0.481651376
1.427583634,-0.014316739,6.06875,-0.806184947,-0.517679632,0.481651376
1.435272878,-0.008005786,6.67,-0.805232525,-0.473952442,0.481651376
1.433760423,-0.00713916,7.06,-0.806838572,-0.435597241,0.481651376
1.454223369,-0.01890749,7.5275,-0.849944651,-0.410988927,0.481651376
1.445381185,-0.012432078,8.0125,-0.865279734,-0.375889987,0.481651376
1.442570346,-0.019874468,8.16625,-0.878797948,-0.367549956,0.481651376
1.434001,-0.009032831,8.88125,-0.844826698,-0.378027469,0.481651376
1.425446896,-0.006711647,8.98625,-0.839412153,-0.350403428,0.481651376
1.437633556,-0.026674861,9.38125,-0.920389831,-0.32609576,0.481651376
1.424877708,-0.021875691,10.08125,-0.917517364,-0.302639842,0.481651376
1.412546454,-0.028742438,10.36375,-0.925554335,-0.325559676,0.481651376
1.404857696,-0.020750803,10.9625,-0.906686068,-0.343852222,0.481651376
1.389817743,-0.016008734,11.6025,-0.883735955,-0.337873727,0.481651376
1.377084022,-0.025970704,11.7425,-0.936449349,-0.33432138,0.481651376
1.349077317,-0.017644379,12.47375,-0.951564491,-0.330624849,0.481651376
1.32117507,-0.018897879,12.38375,-0.962567091,-0.33387512,0.002477064
1.298397926,-0.016562286,12.0125,-0.961430311,-0.326261193,-9.17E-05
1.265117364,-0.020632119,11.32375,-0.966183901,-0.335880041,-9.17E-05
1.243295468,-0.022550981,10.98875,-0.967005253,-0.36684221,-9.17E-05
1.256053931,-0.028712508,10.29875,-1.011270523,-0.426087022,-9.17E-05
1.236594657,-0.024598044,9.84875,-0.99329716,-0.438272327,-9.17E-05
1.211291348,-0.024998287,9.17875,-1.000854254,-0.455278367,-9.17E-05
1.188638095,-0.026728485,8.42625,-1.032621861,-0.46286276,-9.17E-05
1.196196897,-0.027823856,7.96,-1.097030044,-0.500618279,-9.17E-05
1.175565502,-0.026892665,7.43875,-1.078572035,-0.54080832,-9.17E-05
1.154615545,-0.021942399,7.01625,-1.069477201,-0.562542677,-9.17E-05
1.129467328,-0.023109083,6.355,-1.062570333,-0.558593869,-9.17E-05
1.107501226,-0.024269965,5.94875,-1.089035153,-0.557260513,-9.17E-05
1.086232858,-0.023643767,5.76125,-1.091961265,-0.594304085,-9.17E-05
1.097488022,-0.040756542,5.25875,-1.147122145,-0.680222631,-0.078899083
1.074780666,-0.032397442,4.97875,-1.121979713,-0.712078154,-0.264862385
1.051417928,-0.028519811,4.4925,-1.09456265,-0.694520772,-0.270412844
1.02954519,-0.036638637,3.915,-1.082769871,-0.704203546,-0.101697248
1.00782085,-0.037416185,3.71875,-1.071029425,-0.776151538,-0.011284404
1.017123432,-0.040396407,3.035,-1.129541993,-0.856624365,-9.17E-05
1.000426411,-0.030479702,2.80625,-1.128839612,-0.887164652,-9.17E-05
0.97846176,-0.030328049,2.44375,-1.118228316,-0.90411067,-9.17E-05
0.958998545,-0.033159144,1.985,-1.117519259,-0.921800077,-9.17E-05
0.969347041,-0.034646608,1.71875,-1.167845249,-0.949648738,-9.17E-05
0.947347917,-0.031371296,1.5425,-1.151129961,-0.959239483,-9.17E-05
0.926895705,-0.030374509,1.18625,-1.139423728,-0.949831784,-9.17E-05
0.906984634,-0.024885224,1.02625,-1.126937509,-0.92655158,-9.17E-05
0.882456633,-0.027153242,0.72375,-1.125334978,-0.928984165,-9.17E-05
0.882705198,-0.026823822,0.3375,-1.173200965,-0.965498865,-9.17E-05
0.860236206,-0.022887542,0.06625,-1.164395571,-1.003484726,-9.17E-05
0.837891845,-0.017136367,-0.0725,-1.153157949,-0.995677412,-9.17E-05
0.81670989,-0.011789996,0.03125,-1.146097422,-0.979978323,-9.17E-05
0.797581914,-0.0132594,-0.13125,-1.129050732,-0.967661202,-9.17E-05
0.776647308,-0.009410716,-0.08625,-1.107385159,-0.963691175,-9.17E-05
0.785752373,-0.015597189,-0.06875,-1.15064764,-0.979361415,-9.17E-05
0.766818572,-0.010325717,-0.00125,-1.129225016,-0.950827539,-9.17E-05
0.744198362,-0.005171226,-0.02625,-1.105163336,-0.910123467,-9.17E-05
0.720018048,-0.006455407,-0.04,-1.095869303,-0.884381115,-9.17E-05
0.696253082,-0.009403302,-0.1725,-1.089056611,-0.897860825,-9.17E-05
0.716265611,-0.019395499,-0.14875,-1.145819187,-0.92888999,-9.17E-05
0.716265611,-0.019395499,-0.14875,-1.145819187,-0.92888999,-9.17E-05
0.716265611,-0.019395499,-0.14875,-1.145819187,-0.92888999,-9.17E-05
0.716265611,-0.019395499,-0.14875,-1.145819187,-0.92888999,-9.17E-05
0.716265611,-0.019395499,-0.14875,-1.145819187,-0.92888999,-9.17E-05
0.716265611,-0.019395499,-0.14875,-1.145819187,-0.92888999,-9.17E-05
0.716265611,-0.019395499,-0.14875,-1.145819187,-0.92888999,-9.17E-05
0.716265611,-0.019395499,-0.14875,-1.145819187,-0.92888999,-9.17E-05
0.716265611,-0.019395499,-0.14875,-1.145819187,-0.92888999,-9.17E-05
0.716265611,-0.019395499,-0.14875,-1.145819187,-0.92888999,-9.17E-05
0.716265611,-0.019395499,-0.14875,-1.145819187,-0.92888999,-9.17E-05
0.716265611,-0.019395499,-0.14875,-1.145819187,-0.92888999,-9.17E-05
0.716265611,-0.019395499,-0.14875,-1.145819187,-0.92888999,-9.17E-05
0.716265611,-0.019395499,-0.14875,-1.145819187,-0.92888999,-9.17E-05
0.716265611,-0.019395499,-0.14875,-1.145819187,-0.92888999,-9.17E-05
0.716265611,-0.019395499,-0.14875,-1.145819187,-0.92888999,-9.17E-05
0.716265611,-0.019395499,-0.14875,-1.145819187,-0.92888999,-9.17E-05
0.716265611,-0.019395499,-0.14875,-1.145819187,-0.92888999,-9.17E-05
0.716265611,-0.019395499,-0.14875,-1.145819187,-0.92888999,-9.17E-05
0.716265611,-0.019395499,-0.14875,-1.145819187,-0.92888999,-9.17E-05
0.716265611,-0.019395499,-0.14875,-1.145819187,-0.92888999,-9.17E-05
0.716265611,-0.019395499,-0.14875,-1.145819187,-0.92888999,-9.17E-05
0.716265611,-0.019395499,-0.14875,-1.145819187,-0.92888999,-9.17E-05
0.716265611,-0.019395499,-0.14875,-1.145819187,-0.92888999,-9.17E-05
0.716265611,-0.019395499,-0.14875,-1.145819187,-0.92888999,-9.17E-05
0.716265611,-0.019395499,-0.14875,-1.145819187,-0.92888999,-9.17E-05
0.716265611,-0.019395499,-0.14875,-1.145819187,-0.92888999,-9.17E-05
0.716265611,-0.019395499,-0.14875,-1.145819187,-0.92888999,-9.17E-05
0.716265611,-0.019395499,-0.14875,-1.145819187,-0.92888999,-9.17E-05
0.716265611,-0.019395499,-0.14875,-1.145819187,-0.92888999,-9.17E-05
0.716265611,-0.019395499,-0.14875,-1.145819187,-0.92888999,-9.17E-05
0.716265611,-0.019395499,-0.14875,-1.145819187,-0.92888999,-9.17E-05
0.716265611,-0.019395499,-0.14875,-1.145819187,-0.92888999,-9.17E-05
0.716265611,-0.019395499,-0.14875,-1.145819187,-0.92888999,-9.17E-05
0.716265611,-0.019395499,-0.14875,-1.145819187,-0.92888999,-9.17E-05
0.716265611,-0.019395499,-0.14875,-1.145819187,-0.92888999,-9.17E-05
0.716265611,-0.019395499,-0.14875,-1.145819187,-0.92888999,-9.17E-05
0.716265611,-0.019395499,-0.14875,-1.145819187,-0.92888999,-9.17E-05
0.716265611,-0.019395499,-0.14875,-1.145819187,-0.92888999,-9.17E-05
0.716265611,-0.019395499,-0.14875,-1.145819187,-0.92888999,-9.17E-05
0.716265611,-0.019395499,-0.14875,-1.145819187,-0.92888999,-9.17E-05
0.716265611,-0.019395499,-0.14875,-1.145819187,-0.92888999,-9.17E-05
0.716265611,-0.019395499,-0.14875,-1.145819187,-0.92888999,-9.17E-05
0.716265611,-0.019395499,-0.14875,-1.145819187,-0.92888999,-9.17E-05
0.716265611,-0.019395499,-0.14875,-1.145819187,-0.92888999,-9.17E-05
0.716265611,-0.019395499,-0.14875,-1.145819187,-0.92888999,-9.17E-05
0.716265611,-0.019395499,-0.14875,-1.145819187,-0.92888999,-9.17E-05
0.716265611,-0.019395499,-0.14875,-1.145819187,-0.92888999,-9.17E-05
0.716265611,-0.019395499,-0.14875,-1.145819187,-0.92888999,-9.17E-05
0.716265611,-0.019395499,-0.14875,-1.145819187,-0.92888999,-9.17E-05
0.716265611,-0.019395499,-0.14875,-1.145819187,-0.92888999,-9.17E-05
0.716265611,-0.019395499,-0.14875,-1.145819187,-0.92888999,-9.17E-05
0.716265611,-0.019395499,-0.14875,-1.145819187,-0.92888999,-9.17E-05
0.716265611,-0.019395499,-0.14875,-1.145819187,-0.92888999,-9.17E-05
0.716265611,-0.019395499,-0.14875,-1.145819187,-0.92888999,-9.17E-05
0.716265611,-0.019395499,-0.14875,-1.145819187,-0.92888999,-9.17E-05
0.716265611,-0.019395499,-0.14875,-1.145819187,-0.92888999,-9.17E-05
0.716265611,-0.019395499,-0.14875,-1.145819187,-0.92888999,-9.17E-05
0.716265611,-0.019395499,-0.14875,-1.145819187,-0.92888999,-9.17E-05
0.716265611,-0.019395499,-0.14875,-1.145819187,-0.92888999,-9.17E-05
0.716265611,-0.019395499,-0.14875,-1.145819187,-0.92888999,-9.17E-05
0.716265611,-0.019395499,-0.14875,-1.145819187,-0.92888999,-9.17E-05
0.716265611,-0.019395499,-0.14875,-1.145819187,-0.92888999,-9.17E-05
0.716265611,-0.019395499,-0.14875,-1.145819187,-0.92888999,-9.17E-05
0.716265611,-0.019395499,-0.14875,-1.145819187,-0.92888999,-9.17E-05
0.716265611,-0.019395499,-0.14875,-1.145819187,-0.92888999,-9.17E-05
0.716265611,-0.019395499,-0.14875,-1.145819187,-0.92888999,-9.17E-05
0.716265611,-0.019395499,-0.14875,-1.145819187,-0.92888999,-9.17E-05
0.716265611,-0.019395499,-0.14875,-1.145819187,-0.92888999,-9.17E-05
0.716265611,-0.019395499,-0.14875,-1.145819187,-0.92888999,-9.17E-05
0.716265611,-0.019395499,-0.14875,-1.145819187,-0.92888999,-9.17E-05
0.716265611,-0.019395499,-0.14875,-1.145819187,-0.92888999,-9.17E-05
0.716265611,-0.019395499,-0.14875,-1.145819187,-0.92888999,-9.17E-05
0.716265611,-0.019395499,-0.14875,-1.145819187,-0.92888999,-9.17E-05
0.716265611,-0.019395499,-0.14875,-1.145819187,-0.92888999,-9.17E-05
0.716265611,-0.019395499,-0.14875,-1.145819187,-0.92888999,-9.17E-05
0.716265611,-0.019395499,-0.14875,-1.145819187,-0.92888999,-9.17E-05
0.716265611,-0.019395499,-0.14875,-1.145819187,-0.92888999,-9.17E-05
0.716265611,-0.019395499,-0.14875,-1.145819187,-0.92888999,-9.17E-05
0.716265611,-0.019395499,-0.14875,-1.145819187,-0.92888999,-9.17E-05
0.716265611,-0.019395499,-0.14875,-1.145819187,-0.92888999,-9.17E-05
0.716265611,-0.019395499,-0.14875,-1.145819187,-0.92888999,-9.17E-05
0.716265611,-0.019395499,-0.14875,-1.145819187,-0.92888999,-9.17E-05
0.716265611,-0.019395499,-0.14875,-1.145819187,-0.92888999,-9.17E-05
0.716265611,-0.019395499,-0.14875,-1.145819187,-0.92888999,-9.17E-05
0.716265611,-0.019395499,-0.14875,-1.145819187,-0.92888999,-9.17E-05
0.716265611,-0.019395499,-0.14875,-1.145819187,-0.92888999,-9.17E-05
0.716265611,-0.019395499,-0.14875,-1.145819187,-0.92888999,-9.17E-05
0.716265611,-0.019395499,-0.14875,-1.145819187,-0.92888999,-9.17E-05
0.716265611,-0.019395499,-0.14875,-1.145819187,-0.92888999,-9.17E-05
0.716265611,-0.019395499,-0.14875,-1.145819187,-0.92888999,-9.17E-05
0.716265611,-0.019395499,-0.14875,-1.145819187,-0.92888999,-9.17E-05
0.716265611,-0.019395499,-0.14875,-1.145819187,-0.92888999,-9.17E-05
0.716265611,-0.019395499,-0.14875,-1.145819187,-0.92888999,-9.17E-05
0.716265611,-0.019395499,-0.14875,-1.145819187,-0.92888999,-9.17E-05
0.716265611,-0.019395499,-0.14875,-1.145819187,-0.92888999,-9.17E-05
0.716265611,-0.019395499,-0.14875,-1.145819187,-0.92888999,-9.17E-05
0.716265611,-0.019395499,-0.14875,-1.145819187,-0.92888999,-9.17E-05
0.716265611,-0.019395499,-0.14875,-1.145819187,-0.92888999,-9.17E-05
0.716265611,-0.019395499,-0.14875,-1.145819187,-0.92888999,-9.17E-05
0.716265611,-0.019395499,-0.14875,-1.145819187,-0.92888999,-9.17E-05
0.716265611,-0.019395499,-0.14875,-1.145819187,-0.92888999,-9.17E-05
0.716265611,-0.019395499,-0.14875,-1.145819187,-0.92888999,-9.17E-05
0.716265611,-0.019395499,-0.14875,-1.145819187,-0.92888999,-9.17E-05
0.716265611,-0.019395499,-0.14875,-1.145819187,-0.92888999,-9.17E-05
0.716265611,-0.019395499,-0.14875,-1.145819187,-0.92888999,-9.17E-05
0.716265611,-0.019395499,-0.14875,-1.145819187,-0.92888999,-9.17E-05
0.716265611,-0.019395499,-0.14875,-1.145819187,-0.92888999,-9.17E-05
0.716265611,-0.019395499,-0.14875,-1.145819187,-0.92888999,-9.17E-05
0.716265611,-0.019395499,-0.14875,-1.145819187,-0.92888999,-9.17E-05
0.716265611,-0.019395499,-0.14875,-1.145819187,-0.92888999,-9.17E-05
0.716265611,-0.019395499,-0.14875,-1.145819187,-0.92888999,-9.17E-05
0.716265611,-0.019395499,-0.14875,-1.145819187,-0.92888999,-9.17E-05
0.716265611,-0.019395499,-0.14875,-1.145819187,-0.92888999,-9.17E-05
0.716265611,-0.019395499,-0.14875,-1.145819187,-0.92888999,-9.17E-05
