v_x,v_y,yaw_rate,pitch,roll,steering
-0.0212965623413237,0.0142755700737288,-0.0999999999999999,-1.0585401058197,1.19448375701904,-9.1743119266055E-05
-0.0278981649007956,0.0183653511446476,-0.0874999999999999,-1.04627728462219,1.20417487621307,-9.1743119266055E-05
-0.0337614890535262,0.0211590886018252,-0.0624999999999999,-1.03395318984985,1.21274161338806,-9.1743119266055E-05
-0.0394175076989375,0.0244954662484858,-0.05,-1.0213897228241,1.21757483482361,-9.1743119266055E-05
-0.044851548129312,0.0301716165900364,0.0425,-1.00975835323334,1.22455644607544,-9.1743119266055E-05
-0.0231161252231336,0.0111515334446465,-0.14125,-1.0510379076004,1.19767677783966,-9.1743119266055E-05
-0.0274818160837571,0.0158742076516776,-0.04,-1.0410076379776,1.20170283317566,-9.1743119266055E-05
-0.0328369816174377,0.0172288513088065,-0.13625,-1.02909648418427,1.20879709720612,-9.1743119266055E-05
-0.0391761045294645,0.0231061190555001,-0.01875,-1.01929247379303,1.21593022346497,-9.1743119266055E-05
-0.0451234837779635,0.0230365051036123,-0.1525,-1.00514268875122,1.22095918655396,-9.1743119266055E-05
-0.022823153474615,0.0141920346206722,-0.0525,-1.05022513866425,1.20027267932892,-9.1743119266055E-05
-0.0283728219526193,0.0163654175664848,-0.0749999999999999,-1.0364294052124,1.20684087276459,-9.1743119266055E-05
-0.0332750027278768,0.0179461116135567,-0.1375,-1.02729642391205,1.21240818500519,-9.1743119266055E-05
-0.0393964877212547,0.0233811405782394,-0.0675,-1.01446866989136,1.21786940097809,-9.1743119266055E-05
-0.0454191851923411,0.0265428646741498,-0.06125,-1.00287997722626,1.22566056251526,-9.1743119266055E-05
-0.0234925330320713,0.0119443720318451,-0.0862499999999999,-1.0528222322464,1.19748592376709,-9.1743119266055E-05
-0.028036483522658,0.0155540799437832,-0.04,-1.04153180122375,1.20527541637421,-9.1743119266055E-05
-0.0336939159232148,0.0192767576153232,0.00624999999999999,-1.02903389930725,1.21245849132538,-9.1743119266055E-05
-0.0396938039268933,0.0194235210682874,-0.165,-1.01847147941589,1.21619200706482,-9.1743119266055E-05
-0.0461385003673503,0.0252471718766017,-0.0787499999999999,-1.00553584098816,1.22147750854492,-9.1743119266055E-05
-0.0233026374683999,0.0155194609578705,-0.06,-1.05124926567078,1.20304989814758,-9.1743119266055E-05
-0.0284328448065865,0.0182528959339524,-0.0712499999999999,-1.03902292251587,1.20732736587524,-9.1743119266055E-05
-0.033734615124244,0.0188246156838719,-0.1875,-1.02730739116669,1.21459913253784,-9.1743119266055E-05
-0.0400097553270274,0.0235222875588256,-0.12375,-1.01647484302521,1.22136080265045,-9.1743119266055E-05
-0.0466155823716748,0.0306013201030714,0.00874999999999999,-1.00510108470917,1.22783482074738,-9.1743119266055E-05
-0.0208135917512169,0.0154772583327935,-0.1225,-1.05662453174591,1.20424008369446,-9.1743119266055E-05
-0.0259202980959253,0.0215355269713157,0.01375,-1.04481160640717,1.21074771881104,-9.1743119266055E-05
-0.0316174401491854,0.0227504312372925,-0.0787499999999999,-1.03456449508667,1.21537399291992,-9.1743119266055E-05
-0.0375450732667776,0.0281529549707473,0.02625,-1.02384090423584,1.22189736366272,-9.1743119266055E-05
-0.0429371139640043,0.0300592739472339,-0.04875,-1.01076149940491,1.2283673286438,-9.1743119266055E-05
-0.0162150389328796,0.0139421346121479,-0.08,-1.04628789424896,1.19858586788178,-9.1743119266055E-05
-0.0198254020769158,0.0165282799170313,-0.0837499999999999,-1.03782451152802,1.2036806344986,-9.1743119266055E-05
-0.0197787384479442,0.0198462902907845,-0.0737499999999999,-1.01901233196259,1.20941591262817,-9.1743119266055E-05
-0.0218333687281693,0.023862303840286,-0.02625,-1.01271975040436,1.21590828895569,-9.1743119266055E-05
-0.0222481372801513,0.0271714490869201,-0.03375,-0.997364521026611,1.22284078598022,-9.1743119266055E-05
0.00528643710744953,0.0135208734935503,-0.09,-1.04566085338593,1.19838571548462,-9.1743119266055E-05
0.00651686054655866,0.0183620920662457,0.00375,-1.02939784526825,1.20443093776703,-9.1743119266055E-05
0.0069716046335406,0.0185493278291694,-0.1225,-1.02002358436584,1.20928847789764,-9.1743119266055E-05
0.00830326884914229,0.0231082046126295,-0.0837499999999999,-1.00640714168549,1.21667540073395,-9.1743119266055E-05
0.00934825780600494,0.0283857135474796,0,-0.995038151741028,1.22458028793335,-9.1743119266055E-05
0.0403141222755064,0.0104719415575667,-0.0849999999999999,-1.0414891242981,1.1947512626648,-9.1743119266055E-05
0.0410425314688549,0.012461854532456,-0.12,-1.03001856803894,1.19863533973694,-9.1743119266055E-05
0.0256307834577375,0.0165482646820593,-0.0862499999999999,-1.02704989910126,1.20323741436005,-9.1743119266055E-05
0.00684981110187907,0.0208602805461138,-0.03625,-1.01640617847443,1.20987010002136,-9.1743119266055E-05
-0.00580287991549361,0.0237226455900837,-0.05125,-1.00432348251343,1.21732401847839,-9.1743119266055E-05
0.0187360893381127,0.0147488561811969,-0.045,-1.04944181442261,1.19787311553955,-9.1743119266055E-05
0.029316955354664,0.0164661174869773,-0.11375,-1.03283894062042,1.20319616794586,-9.1743119266055E-05
0.0677374277785421,0.0186975843991958,-0.12875,-0.9925776720047,1.21040689945221,-9.1743119266055E-05
0.120300690701123,0.024042418620414,-0.0275,-0.951659917831421,1.22026526927948,-9.1743119266055E-05
0.170195316970596,0.0262118421849222,-0.06625,-0.925974488258362,1.2292914390564,-9.1743119266055E-05
0.216969395927564,0.0131218627929499,-0.0924999999999999,-0.981835842132568,1.2093414068222,-9.1743119266055E-05
0.238453321876627,0.0162304661611453,-0.0862499999999999,-0.978154361248016,1.21398138999939,-9.1743119266055E-05
0.245853254429181,0.0197243488283875,-0.0824999999999999,-0.990578532218933,1.21935987472534,-9.1743119266055E-05
0.253053257209154,0.0228028262676161,-0.0675,-0.973337233066559,1.22622644901276,-9.1743119266055E-05
0.279181777406098,0.0273071762089593,-0.03375,-0.964808106422424,1.23709738254547,-9.1743119266055E-05
0.306638802411766,0.0269306665256867,-0.1675,-0.945831060409546,1.24500203132629,-9.1743119266055E-05
0.385988407390716,0.0135937039473774,-0.06375,-0.994697093963623,1.21809661388397,-9.1743119266055E-05
0.425726468856172,0.0169029242544213,-0.1025,-0.989626526832581,1.2352648973465,-9.1743119266055E-05
0.475873722887366,0.0181052523300683,-0.0525,-0.975105464458466,1.2414253950119,-9.1743119266055E-05
0.528350263571313,0.0202579264088165,-0.0824999999999999,-0.972118079662323,1.24038672447205,-9.1743119266055E-05
0.614230173598316,-0.00378557548276698,-0.025,-1.01730442047119,1.18463850021362,-9.1743119266055E-05
0.660167037711411,-0.00209159403804933,-0.05,-1.00970959663391,1.18596947193146,-9.1743119266055E-05
0.700693213907197,0.00201389238586238,-0.055,-1.01936459541321,1.20362031459808,-9.1743119266055E-05
0.734888231267986,0.0043605553705884,-0.015,-1.01935195922852,1.23022639751434,-9.1743119266055E-05
0.773614195286555,0.00390107141015079,-0.06,-1.00881028175354,1.24416828155518,-9.1743119266055E-05
0.833863090539272,-0.00683848227302736,-0.03875,-1.05212223529816,1.22428894042969,-9.1743119266055E-05
0.870833573172103,-0.00380310060488287,0.03375,-1.02943408489227,1.23344135284424,-9.1743119266055E-05
0.90107725287017,-0.000925358627451283,0.0425,-1.00792992115021,1.2455540895462,-9.1743119266055E-05
0.931681510120432,0.00144309946234119,-0.00749999999999999,-0.989045560359955,1.26659727096558,-9.1743119266055E-05
0.963886688443785,0.00365492470228837,-0.10875,-0.972309768199921,1.29548513889313,-9.1743119266055E-05
1.01681865688184,-0.0152360777542659,-0.04625,-1.00699841976166,1.28115355968475,-9.1743119266055E-05
1.05129818444874,-0.0156516982967264,-0.1025,-0.977439284324646,1.29251050949097,-9.1743119266055E-05
1.0689501135335,-0.0122278522564497,-0.035,-0.961254835128784,1.28822302818298,-0.0441284403669725
1.09590500015686,-0.0125714862470272,-0.2575,-0.935870587825775,1.27233278751373,-0.361834862385321
1.10103782240612,-0.00849226638383827,-0.61875,-0.930971205234528,1.27094972133636,-0.395229357798165
1.1058366137321,-0.0041030190960728,-0.809999999999999,-0.90928053855896,1.26281845569611,-0.395229357798165
1.13773646495144,-0.0179228282919673,-1.35125,-0.985095918178558,1.21999740600586,-0.395229357798165
1.14464858832095,-0.0149403157752276,-1.69,-0.971821665763855,1.2111120223999,-0.395229357798165
1.15885743050594,-0.00919886051179461,-1.94625,-0.942732155323029,1.20988738536835,-0.395229357798165
1.16896597583371,-0.0111425835477685,-2.385,-0.944568037986755,1.20185124874115,-0.395229357798165
1.22237734203704,-0.029320159768294,-2.7325,-1.00450682640076,1.15373229980469,-0.395229357798165
1.2423868492947,-0.0221283548847398,-3.03,-1.0083281993866,1.14253997802734,-0.395229357798165
1.26479181673575,-0.0237400127075684,-3.5225,-0.98223215341568,1.13571608066559,-0.395229357798165
1.28390952632748,-0.0194088388353192,-3.99625,-0.953303039073944,1.13142478466034,-0.395229357798165
1.30269528191843,-0.0171568318454972,-4.52875,-0.950158476829529,1.13753736019135,-0.395229357798165
1.36411010143283,-0.0332582841807086,-5.09375,-1.01910209655762,1.08781957626343,-0.395229357798165
1.38858328965333,-0.0327683060752335,-5.8025,-0.997897148132324,1.05968964099884,-0.395229357798165
1.41525146146403,-0.0314380584164044,-6.4675,-0.996525466442108,1.02558255195618,-0.305412844036697
1.4385711183844,-0.0256298079772738,-7.14624999999999,-1.00667834281921,1.03483629226685,-0.232339449541284
1.46235875646448,-0.0224517659619752,-7.53624999999999,-1.0099618434906,1.02803027629852,-0.160366972477064
1.51892888830805,-0.0514834617136758,-7.83499999999999,-1.08067905902863,0.95953094959259,-0.0915596330275229
1.55324009330591,-0.0422657930514295,-7.46875,-1.08693373203278,0.953532755374908,-0.0276605504587156
1.58817998766236,-0.033358233323306,-7.11874999999999,-1.09295749664307,0.973383724689484,-0.0112844036697248
1.6261186383638,-0.0341331173524877,-6.84124999999999,-1.09451508522034,0.988177001476288,-0.00376146788990826
1.66517999090874,-0.0330270164710483,-6.62124999999999,-1.05832886695862,0.991932332515717,-9.1743119266055E-05
1.72975995502628,-0.0393956651303601,-6.0725,-1.10453701019287,1.01253509521484,-9.1743119266055E-05
1.76150570293009,-0.0359193611898797,-5.4875,-1.1171886920929,1.10159873962402,-9.1743119266055E-05
1.80190198244381,-0.0322848688975262,-5.08125,-1.12075567245483,1.14949345588684,-9.1743119266055E-05
1.82745538510156,-0.0311270827699275,-4.5325,-1.07588791847229,1.16712307929993,-9.1743119266055E-05
1.85237351935233,-0.0217467665550316,-4.16625,-1.06843078136444,1.21061253547668,-9.1743119266055E-05
1.88704094121586,-0.048750233738703,-3.5075,-1.14222121238709,1.1674302816391,-9.1743119266055E-05
1.90202464746323,-0.0511859852642033,-3.33875,-1.16207253932953,1.15212106704712,-9.1743119266055E-05
1.91363489010142,-0.0377103341432758,-2.66,-1.18196439743042,1.13328588008881,-9.1743119266055E-05
1.93290407600361,-0.035450862952222,-2.40125,-1.13325119018555,1.13875257968903,-9.1743119266055E-05
1.94878170121018,-0.0241510119105932,-1.81375,-1.12846219539642,1.18241190910339,-9.1743119266055E-05
1.96614661196203,-0.0215997121224429,-1.26625,-1.1522833108902,1.21448063850403,-9.1743119266055E-05
2.0314735356472,-0.048641525319365,-0.876249999999999,-1.22631919384003,1.19387340545654,0.0193119266055046
2.0513718528369,-0.0439932315460089,-0.0912499999999999,-1.18626320362091,1.22250545024872,0.216926605504587
2.0785108099696,-0.0347992421332581,0.47125,-1.17906844615936,1.29107689857483,0.329908256880734
2.10337025174554,-0.0322946704239307,1.31625,-1.15818345546722,1.33277463912964,0.348899082568807
2.16315844724194,-0.0525569719261888,1.88875,-1.22525858879089,1.30691421031952,0.481651376146789
2.19205597255523,-0.0392015428000541,2.8475,-1.24520635604858,1.31280767917633,0.481651376146789
2.22026970770676,-0.0401614476716412,3.1425,-1.19288671016693,1.37209963798523,0.481651376146789
2.22976292749681,-0.0265627090769611,4.08625,-1.21223473548889,1.44346630573273,0.481651376146789
2.25044846581925,-0.027024731729247,4.30875,-1.20015907287598,1.50609612464905,0.481651376146789
2.29557004338219,-0.0604928916727238,5.135,-1.22492742538452,1.45538246631622,0.481651376146789
2.31674140056902,-0.0419953665652275,5.68375,-1.2040228843689,1.45105373859406,0.481651376146789
2.345110937838,-0.0504840416668273,6.27375,-1.13221478462219,1.48211073875427,0.481651376146789
2.36496994063096,-0.0355623160133486,7.25374999999999,-1.14798200130463,1.52122223377228,0.481651376146789
2.39791566846809,-0.0324388548760917,8.04624999999999,-1.14197528362274,1.59482789039612,0.481651376146789
2.44981157006069,-0.0438375835518994,8.80499999999999,-1.15517580509186,1.69111227989197,0.481651376146789
2.47031231104147,-0.0360244943505144,10.10125,-1.1533567905426,1.77365219593048,0.481651376146789
2.50361227947555,-0.0449734910604373,10.77125,-1.12996315956116,1.80928111076355,0.481651376146789
2.51252592411902,-0.0355526185267481,11.815,-1.07616519927979,1.83173155784607,0.481651376146789
2.49694965024544,-0.042654208705567,12.46875,-1.10979199409485,1.80620813369751,0.481651376146789
2.49972818950639,-0.045445514589106,12.98875,-1.19810497760773,1.81088948249817,0.481651376146789
2.48086336884305,-0.0415172644727096,13.715,-1.18767786026001,1.86607074737549,0.481651376146789
2.44508802261685,-0.0457614920651251,13.71,-1.13921129703522,1.94526243209839,0.481651376146789
2.41619034904952,-0.036707517947977,14.5525,-1.09056222438812,2.02680587768555,0.342522935779816
2.43982852569668,-0.0400881804966567,15.18625,-1.01352643966675,2.0730676651001,0.187614678899083
2.43021996017269,-0.0702880666932208,13.89125,-0.99067234992981,1.9912097454071,0.187614678899083
2.38623617713194,-0.0549034763307755,13.47,-1.00253355503082,1.9045524597168,0.0314220183486239
2.36938143507387,-0.0633382156191671,12.5825,-0.983642637729645,1.85481333732605,-9.1743119266055E-05
2.36174923337711,-0.0561664017773921,12.26125,-0.906611204147339,1.84600472450256,-9.1743119266055E-05
2.33678663635835,-0.056565809033634,11.5025,-0.872020900249481,1.83430564403534,-9.1743119266055E-05
2.31316543774213,-0.0619876238933868,10.70625,-0.810176253318787,1.8374434709549,-9.1743119266055E-05
2.33264410052177,-0.0599126960613209,10.1425,-0.796624600887299,1.80394625663757,-9.1743119266055E-05
2.31065502433846,-0.0712326641413242,9.10874999999999,-0.730280220508575,1.72503733634949,-9.1743119266055E-05
2.30105277967501,-0.0685875833127418,8.42249999999999,-0.7092524766922,1.63487946987152,-9.1743119266055E-05
2.27657290788946,-0.06796805919656,7.66499999999999,-0.698123574256897,1.53413617610931,-9.1743119266055E-05
2.25453484774151,-0.0781056434277338,6.44749999999999,-0.676789283752441,1.48249161243439,-9.1743119266055E-05
2.23025635724681,-0.0740373305068053,5.97374999999999,-0.72501927614212,1.43248772621155,-9.1743119266055E-05
2.2072552548552,-0.0813340268084518,5.15875,-0.721000075340271,1.41719532012939,-9.1743119266055E-05
2.17959442348749,-0.0794151253334884,4.57875,-0.664326786994934,1.43851494789124,-9.1743119266055E-05
2.15328131951287,-0.0796291887156644,4.07375,-0.65363222360611,1.44321930408478,-9.1743119266055E-05
2.12263100825305,-0.0889749661584728,3.40125,-0.626135885715485,1.41116714477539,-9.1743119266055E-05
2.11223337209456,-0.0806523558209094,2.97,-0.653041005134583,1.37717700004578,-9.1743119266055E-05
2.08079922854197,-0.0784007833307982,2.4125,-0.637867569923401,1.34243178367615,-0.00197247706422018
2.05574586857955,-0.0875374906109388,1.6575,-0.642055928707123,1.32003533840179,-0.00247706422018349
2.01743477423009,-0.0905006165705521,1.0925,-0.622992813587189,1.26240754127502,-0.00247706422018349
2.01022343406146,-0.0755949678813647,0.592499999999999,-0.667908370494843,1.21850025653839,-0.00247706422018349
1.98428514212194,-0.0750656835663442,-0.0375,-0.614013075828552,1.18923497200012,-0.0177981651376147
1.95402415229187,-0.074662015431526,-0.741249999999999,-0.594738125801086,1.17753171920776,-0.0915596330275229
1.92548005850033,-0.0788238236696865,-1.39625,-0.591468453407288,1.14622104167938,-0.119770642201835
1.89686884061386,-0.0798857732328485,-1.94,-0.595260381698608,1.09944641590118,-0.14348623853211
1.86098916436743,-0.0713365109906018,-2.33375,-0.590917825698853,1.06506586074829,-0.187614678899083
1.8587416883948,-0.0756384920068688,-2.78,-0.624921143054962,1.04157865047455,-0.201926605504587
1.83252775057402,-0.0821433527560749,-3.27375,-0.618927955627441,1.01771426200867,-0.206926605504587
1.80196976735232,-0.0795622082629845,-3.67,-0.611717402935028,0.973839402198792,-0.211834862385321
1.77006796758383,-0.0772196897354188,-4.005,-0.63381439447403,0.955931842327118,-0.264862385321101
1.7544723915233,-0.062418593179837,-4.45625,-0.630275666713715,0.973264873027802,-0.276100917431193
1.72514782230947,-0.0578377406901815,-4.74,-0.614982903003693,0.966477334499359,-0.276100917431193
1.69665311534218,-0.06270250087239,-5.52,-0.589753210544586,0.950868487358093,-0.276100917431193
1.66340423948798,-0.0612192856600563,-5.77,-0.576147615909576,0.895950734615326,-0.276100917431193
1.63248088204057,-0.0591567168658833,-6.42,-0.55533492565155,0.839990079402924,-0.276100917431193
1.62865718805301,-0.0505887487537524,-6.58249999999999,-0.609795153141022,0.821384489536285,-0.276100917431193
1.59970427303056,-0.0506975949450289,-7.15499999999999,-0.594811141490936,0.84614622592926,-0.276100917431193
1.57011822695449,-0.0527037174271895,-7.72124999999999,-0.552931010723114,0.880708038806915,-0.276100917431193
1.53687730155258,-0.0455142503605978,-7.86749999999999,-0.510155975818634,0.908751249313355,-0.276100917431193
1.50693549666275,-0.0428082843400681,-8.33624999999999,-0.511647403240204,0.959968090057373,-0.276100917431193
1.5080282235222,-0.0436323992461537,-8.43499999999999,-0.538868367671967,1.00604462623596,-0.276100917431193
1.48198003403533,-0.0444516464350513,-8.79999999999999,-0.5345419049263,1.05152726173401,-0.276100917431193
1.45684085209413,-0.0406009201822698,-9.11499999999999,-0.520087063312531,1.07029557228088,-0.276100917431193
1.43225721327179,-0.0390735439218021,-9.47374999999999,-0.535823941230774,1.06775116920471,-0.276100917431193
1.41049944304815,-0.0331032268434765,-9.58124999999999,-0.533681452274323,1.06066989898682,-0.276100917431193
1.40964524181198,-0.0444184884404124,-9.45124999999999,-0.595194339752197,1.03021991252899,-0.276100917431193
1.38384244479253,-0.0377098334136634,-9.26374999999999,-0.62007862329483,1.05880796909332,-0.276100917431193
1.3491554591213,-0.0320497567272583,-9.21249999999999,-0.632745862007141,1.10272371768951,-0.216926605504587
1.32979637710193,-0.0272000412681012,-8.73999999999999,-0.638233244419098,1.15131437778473,-0.216926605504587
1.31155706206474,-0.0185559845129226,-8.02499999999999,-0.640560269355774,1.17786884307861,-0.216926605504587
1.31923280778612,-0.0246804131636269,-7.81749999999999,-0.70989066362381,1.19300472736359,-0.206926605504587
1.2964680767433,-0.00819905689288669,-7.05875,-0.713029384613037,1.25456368923187,-0.206926605504587
1.27233589659777,-0.0056972105271848,-6.785,-0.740375578403473,1.33598875999451,-0.105183486238532
1.25032536045445,0.00373208771501676,-6.26625,-0.746389985084534,1.40423858165741,-0.0588990825688073
1.21749009000092,0.0111409325407518,-5.63125,-0.754808664321899,1.44466471672058,-0.0512844036697248
1.2240328570599,-0.0137774107668395,-5.365,-0.827713906764984,1.40675854682922,-0.0512844036697248
1.20282681767296,-0.00874989823846603,-4.95,-0.817718982696533,1.44324028491974,-0.033394495412844
1.18481230259636,0.000403753276169679,-4.40375,-0.807225406169891,1.4563010931015,-0.0209174311926605
1.16321286160553,0.00555380955716129,-4.06875,-0.785627126693726,1.47503542900085,-0.0193119266055046
1.13948077678986,0.0152784040863178,-3.525,-0.784893929958344,1.52535712718964,-0.0193119266055046
1.11935602887674,0.0250136796741749,-3.0675,-0.78355610370636,1.57716608047485,-0.0164220183486239
1.15384115475263,-0.0164740163605461,-2.83875,-0.809049248695374,1.5330491065979,-0.0164220183486239
1.13332059662475,-0.00745357009807884,-2.31875,-0.815480768680573,1.53022527694702,-0.0164220183486239
1.12967711334277,0.000849961159961284,-1.985,-0.808077454566956,1.51701879501343,-0.0164220183486239
1.12258822322574,0.00741350576519167,-1.68125,-0.783536612987518,1.5270174741745,-0.0164220183486239
1.13938656795765,-0.0120165362692824,-1.4625,-0.818676233291626,1.52273786067963,-0.0164220183486239
1.13695745152865,-0.00710170255564772,-1.16125,-0.783598601818085,1.58196091651917,-0.0164220183486239
1.13515520401448,-0.00511341385716877,-0.854999999999999,-0.79619163274765,1.60820424556732,-0.0164220183486239
1.13078010866645,0.00124387769064966,-0.68875,-0.77425342798233,1.60829401016235,-0.0354587155963303
1.13749179093047,0.00901915354595151,-0.614999999999999,-0.789146840572357,1.58262956142426,-0.07
1.1578715633249,-0.0225308919427295,-0.958749999999999,-0.825638771057129,1.49480724334717,-0.098256880733945
1.16238970711783,-0.0137097058876308,-1.26375,-0.816602766513824,1.4875100851059,-0.101697247706422
1.15879431067624,-0.00591624353576792,-1.50875,-0.80868798494339,1.50392973423004,-0.101697247706422
1.16014051262718,-0.00412179627295894,-1.90375,-0.78151923418045,1.53194928169251,-0.101697247706422
1.15672457109498,0.00295535571571076,-2.145,-0.793450593948364,1.55621302127838,-0.101697247706422
1.19074997480514,-0.024072509880449,-2.61,-0.856709539890289,1.54435408115387,-0.101697247706422
1.19964573745485,-0.0203186457510824,-2.8175,-0.884477853775024,1.59296131134033,-0.101697247706422
1.20657558346185,-0.0148436996704522,-2.73875,-0.878954946994782,1.61412596702576,-0.101697247706422
1.21751242568539,-0.0122755791712617,-2.86625,-0.891606390476227,1.61833083629608,-0.101697247706422
1.21580956922165,-0.00495312454325705,-2.95875,-0.885327816009522,1.64851927757263,-0.105183486238532
1.25633556985309,-0.0160699361374373,-2.75875,-0.954261600971222,1.64752268791199,-0.105183486238532
1.25223241617622,-0.018836351229985,-3.08875,-0.967729985713959,1.67761027812958,-0.105183486238532
1.25739837394403,-0.0157959390762037,-3.08875,-0.981181144714356,1.67771875858307,-0.105183486238532
1.25286856173835,-0.00796811634011702,-2.9875,-1.01078760623932,1.65795075893402,-0.105183486238532
1.25816394205861,-0.00965053568190135,-3.16,-1.0176192522049,1.63062798976898,-0.105183486238532
1.28880928100448,-0.0226211693203385,-3.1075,-1.07394099235535,1.58886754512787,-0.11605504587156
1.29772745780006,-0.016650673611572,-3.10375,-1.07351422309875,1.61288726329803,-0.11605504587156
1.31123268863483,-0.019221163793096,-3.555,-1.07682311534882,1.61469686031342,-0.119770642201835
1.32375617492382,-0.0180205008218952,-3.63375,-1.08856725692749,1.59879541397095,-0.119770642201835
1.35252744050492,-0.00682442827411032,-3.735,-1.11238443851471,1.59737503528595,-0.119770642201835
1.40741248951061,-0.0380207436574048,-3.91125,-1.17190325260162,1.54390430450439,-0.119770642201835
1.44149221071785,-0.0346407601554617,-3.84,-1.19323420524597,1.54676449298859,-0.119770642201835
1.47304349054578,-0.0245469622245192,-4.0225,-1.18641889095306,1.57891082763672,-0.119770642201835
1.50929267029067,-0.0166063220858533,-4.06625,-1.19222021102905,1.65704619884491,-0.119770642201835
1.54288891272034,-0.0155586927402879,-4.25125,-1.19114744663239,1.73159432411194,-0.119770642201835
1.57496122919285,-0.0135964581298617,-4.405,-1.21260786056519,1.76971125602722,-0.119770642201835
1.63673597173757,-0.0335596701451305,-4.45625,-1.28942036628723,1.73455500602722,-0.119770642201835
1.66977476874112,-0.02951053583149,-4.62375,-1.28070330619812,1.72489678859711,-0.119770642201835
1.69660993384556,-0.0224002090198437,-4.62,-1.31081128120422,1.74002027511597,-0.119770642201835
1.7202728392296,-0.0165708456500426,-4.685,-1.30116021633148,1.75432932376862,-0.119770642201835
1.73899244415508,-0.0157096839792255,-4.89125,-1.32562565803528,1.77031528949738,-0.119770642201835
1.78701827117058,-0.032979093170604,-4.82,-1.39302694797516,1.729736328125,-0.119770642201835
1.81498044923183,-0.0268342566480932,-4.9225,-1.39149677753448,1.74841237068176,-0.119770642201835
1.85629662820786,-0.0237300790275261,-5.1075,-1.4252473115921,1.75368082523346,-0.119770642201835
1.8931095750978,-0.0179337334908602,-5.1625,-1.4256067276001,1.76841235160828,-0.088302752293578
1.93538627351514,-0.0174337930733307,-5.3825,-1.42432737350464,1.75413691997528,-0.07
1.97577227026358,-0.00524701952236654,-4.65,-1.43730354309082,1.75132977962494,-0.0276605504587156
2.00886146503796,-0.00250587915160739,-4.19375,-1.42372608184814,1.71890437602997,-9.1743119266055E-05
2.02807464558071,0.0042621272721224,-3.78625,-1.46922302246094,1.68496119976044,-9.1743119266055E-05
2.04694477223633,0.0132805818477777,-3.29125,-1.45344734191895,1.68252515792847,-9.1743119266055E-05
2.05135905997954,0.0231787573368006,-2.77375,-1.47523713111877,1.7026584148407,-9.1743119266055E-05
2.07036300933275,0.0366462244850448,-2.34125,-1.45996856689453,1.75401306152344,-9.1743119266055E-05
2.08713760831902,0.0388730674695109,-1.67125,-1.40902924537659,1.80675458908081,-9.1743119266055E-05
2.125511289392,0.0522942757181966,-1.12,-1.37136089801788,1.85897874832153,0.123577981651376
2.15548220572652,0.0517065048231549,-0.694999999999999,-1.32254064083099,1.89776873588562,0.131422018348624
2.25147594993962,0.0151579654290255,0.26,-1.34644830226898,1.78528034687042,0.135321100917431
2.28973854551942,0.0229845929837338,0.756249999999999,-1.30204546451569,1.7545725107193,0.135321100917431
2.31733433670723,0.0297124186517727,1.68625,-1.27591443061829,1.752361536026,0.135321100917431
2.32606019041514,0.0412411604172968,2.57875,-1.33731067180634,1.74922823905945,0.135321100917431
2.33984045069747,0.0508392596213852,3.035,-1.31174457073212,1.77604377269745,0.00311926605504587
2.32921644129696,0.0544754711861811,3.22625,-1.3264045715332,1.7930554151535,-9.1743119266055E-05
2.32875359082138,0.0480375137639365,2.14125,-1.28726255893707,1.76346468925476,0.0089908256880734
2.32299612486761,0.0660152428828775,2.07,-1.25317966938019,1.6913857460022,0.0294954128440367
2.33769728898724,0.0590059739540958,1.30375,-1.22716391086578,1.62344741821289,0.11605504587156
2.34371191378059,0.0848297641111071,2.29125,-1.19346654415131,1.673579454422,0.173761467889908
2.37134718965036,0.0866055874475414,2.9275,-1.18697130680084,1.72623288631439,0.227155963302752
2.39659568055425,0.0953543221110612,3.57,-1.1380627155304,1.78923463821411,0.227155963302752
2.42440809540323,0.103985647890321,4.4275,-1.09435594081879,1.84316039085388,0.227155963302752
2.41991179450409,0.097374372667374,4.5975,-1.10050046443939,1.88307559490204,0.232339449541284
2.43164023128514,0.115301749769688,5.51625,-0.988660573959351,1.92687284946442,0.248348623853211
2.57563681272093,-0.0498119154946514,6.2,-1.16920411586761,1.75613439083099,0.253761467889908
2.56895424788318,-0.0444679566600389,6.75624999999999,-1.13921332359314,1.7837370634079,0.253761467889908
2.55998683905457,-0.0501895362730554,7.41124999999999,-1.18458008766174,1.78462529182434,0.253761467889908
2.55618917973159,-0.037058373914032,8.14499999999999,-1.12887048721313,1.83823955059052,0.253761467889908
2.54322841203791,-0.0244952242135775,9.10124999999999,-1.09807419776917,1.95841145515442,0.253761467889908
2.53372295964797,-0.0340454711336889,9.81499999999999,-1.10455548763275,2.01329755783081,0.259266055045872
2.58212643436204,-0.0369347320348651,10.66125,-1.13916563987732,2.03007340431213,0.27045871559633
2.57122310466502,-0.0416587300205408,11.7525,-1.09305095672607,1.98913526535034,0.27045871559633
2.56749885154366,-0.0413145458555588,12.105,-1.05839490890503,1.96825444698334,0.27045871559633
2.53367932869108,-0.019990822510852,13.215,-1.08901393413544,1.98884403705597,0.156100917431193
2.51703522830533,-0.0385157620694257,11.8975,-1.13012230396271,2.01314997673035,0.156100917431193
2.5048671916198,-0.0518642929361367,11.3,-1.16941714286804,1.95447409152985,0.156100917431193
2.48748075156613,-0.0599626377939636,10.9575,-1.12246251106262,1.8504946231842,0.287660550458716
2.49121896609896,-0.0522495395234052,11.645,-1.03415977954865,1.82352149486542,0.293577981651376
2.47254022687407,-0.03845618517944,12.29125,-1.01292836666107,1.83008718490601,0.317522935779816
2.47710648831009,-0.0637433496690754,12.51375,-1.15436363220215,1.85684442520142,0.317522935779816
2.50317922341644,-0.0533991737429486,13.56625,-1.0686206817627,1.85094630718231,0.323761467889908
2.47148061945566,-0.0654126441299442,13.82,-1.08859586715698,1.82043945789337,0.323761467889908
2.48445013976343,-0.0610038443427596,14.56875,-1.06983494758606,1.76648890972137,0.323761467889908
2.45850863105544,-0.0594580105647482,15.10625,-1.01966190338135,1.69533610343933,0.323761467889908
2.45717142661194,-0.0690900212986212,15.525,-1.03580248355865,1.65387606620789,0.323761467889908
2.45966399326905,-0.0564701683938452,16.30625,-0.91247022151947,1.60627675056458,0.253761467889908
2.44970924213091,-0.0748570190049158,15.8025,-0.945889353752136,1.50138664245605,0.253761467889908
2.45611437511586,-0.0755872451689252,14.78625,-0.890853345394135,1.38087034225464,0.20197247706422
2.45609310977766,-0.0738954802960643,14.45875,-0.879321992397308,1.31377398967743,0.178302752293578
2.44657554900472,-0.0797957397156452,13.655,-0.795053005218506,1.2264940738678,0.178302752293578
2.46414365127342,-0.0683994785194246,13.1925,-0.794971168041229,1.18999147415161,0.222018348623853
2.45198800382886,-0.0796172966858581,12.7525,-0.787928938865662,1.11198830604553,0.222018348623853
2.46843373336737,-0.0786252393098246,12.92625,-0.793643832206726,1.05211389064789,0.164770642201835
2.45782798388784,-0.0796900754722828,12.0525,-0.76917427778244,0.965894460678101,0.07
2.45695753432765,-0.0770659120019896,11.5925,-0.761238813400269,0.901475191116333,-9.1743119266055E-05
2.45477323208358,-0.0840102685971722,10.8125,-0.772460103034973,0.840668141841888,-9.1743119266055E-05
2.42841594402005,-0.0842408606575759,9.98124999999999,-0.759983897209168,0.821154415607452,-9.1743119266055E-05
2.39987530166985,-0.0827099056639668,9.06374999999999,-0.758564472198486,0.798316836357117,-9.1743119266055E-05
2.36528218873206,-0.0994156348476467,7.94249999999999,-0.733675181865692,0.783560812473297,-9.1743119266055E-05
2.33750451040444,-0.0881594526043614,7.24874999999999,-0.687218189239502,0.802003026008606,-9.1743119266055E-05
2.3420845744297,-0.0936530147356948,6.5025,-0.655292689800262,0.802568137645721,-9.1743119266055E-05
2.3241342168156,-0.101466501246625,5.43,-0.593458414077759,0.775625824928284,-9.1743119266055E-05
2.29993076352889,-0.0955565286929299,5.0975,-0.580358862876892,0.728691816329956,-9.1743119266055E-05
2.27315241950298,-0.107801787203014,4.445,-0.562809228897095,0.679449081420898,-9.1743119266055E-05
2.25031629982633,-0.0759206173053924,3.77875,-0.551063895225525,0.736639559268951,-9.1743119266055E-05
2.23545233200414,-0.0779161345312982,3.42,-0.531794309616089,0.794100821018219,-9.1743119266055E-05
2.20721275518415,-0.0785748231375852,2.62,-0.550003230571747,0.878329455852509,-9.1743119266055E-05
2.16331815990725,-0.0805430351105857,2.185,-0.534414649009705,0.892579019069672,-9.1743119266055E-05
2.13055049328563,-0.0904475480860615,1.54125,-0.507102429866791,0.854598999023438,-9.1743119266055E-05
2.12781680399148,-0.0852680003007576,0.974999999999999,-0.466832786798477,0.829363405704498,-9.1743119266055E-05
2.11373335350023,-0.0808441952399527,0.2325,-0.507959127426147,0.832175433635712,-9.1743119266055E-05
2.06155774879938,-0.0817581929164457,-0.15875,-0.517284750938416,0.85513561964035,-9.1743119266055E-05
2.03372827625547,-0.067705527938923,0.0937499999999999,-0.5001460313797,0.923883736133575,-9.1743119266055E-05
2.01256732695639,-0.0749617110227268,-0.16,-0.462621092796326,1.0066169500351,-9.1743119266055E-05
2.01352525396671,-0.0828724951064008,-0.10125,-0.44179829955101,1.01008641719818,-9.1743119266055E-05
1.98048681397652,-0.0867211543691437,0.0025,-0.423885673284531,0.960194647312164,-9.1743119266055E-05
1.9319027125833,-0.0842520635853146,-0.13,-0.434439301490784,0.934673130512238,-9.1743119266055E-05
1.90532819275406,-0.0724183571641301,0.175,-0.432418316602707,0.944347739219666,-9.1743119266055E-05
1.87417495130993,-0.072580248019101,-0.4075,-0.347812563180923,1.07105851173401,-9.1743119266055E-05
1.85604779995289,-0.0607252643467616,0,-0.347607105970383,1.17032313346863,-9.1743119266055E-05
1.82502503949444,-0.0660335000248727,-0.0762499999999999,-0.312907576560974,1.17776715755463,-9.1743119266055E-05
1.79397203201777,-0.0576362444500748,-0.06625,-0.285441339015961,1.19893944263458,-9.1743119266055E-05
1.76727028223314,-0.0573142411751649,0.01,-0.278818100690842,1.20886790752411,-9.1743119266055E-05
1.74956233702798,-0.0533262422547664,-0.04125,-0.258887767791748,1.22476279735565,-9.1743119266055E-05
1.73878941418697,-0.0521159969198465,0.03125,-0.244338154792786,1.23430252075195,-9.1743119266055E-05
1.72062574483684,-0.0506319748076117,-0.185,-0.222960263490677,1.26533985137939,-9.1743119266055E-05
1.70204379635593,-0.0419003813435902,0.0624999999999999,-0.21200256049633,1.31769990921021,-9.1743119266055E-05
1.68664677665777,-0.0434581110986541,-0.00749999999999999,-0.211793541908264,1.34546029567719,-9.1743119266055E-05
1.66754259310294,-0.0406845443919199,-0.0849999999999999,-0.177478492259979,1.36738967895508,-9.1743119266055E-05
1.66755338262909,-0.0561403823810708,0.01,-0.213233143091202,1.32439696788788,-9.1743119266055E-05
1.65582949948916,-0.0585767728289989,-0.1225,-0.205035552382469,1.31542754173279,-9.1743119266055E-05
1.64080256080392,-0.0501856809670129,0.00125,-0.159912392497063,1.30896294116974,-9.1743119266055E-05
1.62103464338866,-0.0448943264642457,0.035,-0.141997709870338,1.30970287322998,-9.1743119266055E-05
1.61530626721825,-0.0425444417049822,-0.15625,-0.14209970831871,1.35907745361328,-9.1743119266055E-05
1.61522880804301,-0.0380529297544256,0.0962499999999999,-0.111434772610664,1.37686336040497,-9.1743119266055E-05
1.65637584938777,-0.0579372490114565,-0.13375,-0.153313547372818,1.33987045288086,-9.1743119266055E-05
1.67825891826854,-0.0504683467450853,0.05125,-0.158347204327583,1.32491898536682,-9.1743119266055E-05
1.70600216409229,-0.0452342608893124,0.15625,-0.120810724794865,1.3229398727417,-9.1743119266055E-05
1.73895678083935,-0.0434225369333069,-0.02625,-0.110986337065697,1.3431168794632,-9.1743119266055E-05
1.78698191478287,-0.0461671354070675,-0.04125,-0.131641373038292,1.31508827209473,-9.1743119266055E-05
1.79494317444232,-0.0465078131262485,-0.05625,-0.129123687744141,1.27456140518188,-0.00444954128440367
1.79146562686186,-0.0322080380109955,-0.00874999999999999,-0.122188843786716,1.29547131061554,-0.0177981651376147
1.77561383564356,-0.029332069639325,-0.39,-0.0916630178689957,1.31250154972076,-0.0177981651376147
1.74001999400297,-0.0386541319246974,-1.12125,-0.100957132875919,1.34571480751038,-0.0177981651376147
1.72832611016426,-0.0302031079259235,-0.659999999999999,-0.124336130917072,1.37976920604706,-0.0193119266055046
1.71422273434117,-0.0354385304412622,-1.04375,-0.0993318781256676,1.43167662620544,-0.0193119266055046
1.70825202424954,-0.0367860655738486,-0.993749999999999,-0.0347978733479977,1.45952785015106,-0.0193119266055046
1.69189061381166,-0.0299409823472653,-0.752499999999999,-0.0756029933691025,1.43722653388977,-0.0488532110091743
1.69089285979175,-0.0338084284675276,-1.315,-0.012657773680985,1.4037606716156,-0.287660550458716
1.69475898094085,-0.0500565782910895,-1.85375,-0.115844637155533,1.33743143081665,-0.293532110091743
1.69046738121485,-0.0459390173079515,-1.9975,-0.0913047641515732,1.30387377738953,-0.299403669724771
1.66558379825861,-0.0422498220426452,-2.735,-0.102650120854378,1.32766175270081,-0.299403669724771
1.6532865992128,-0.0308164127696619,-2.73625,-0.0859761983156204,1.36716628074646,-0.299403669724771
1.64171997367865,-0.0449258624124527,-3.58625,-0.108503356575966,1.35176479816437,-0.299403669724771
1.63448413514384,-0.0372689660026727,-3.6975,-0.100917994976044,1.29671049118042,-0.375
1.65021909625526,-0.0475940192713538,-4.2175,-0.190906509757042,1.24475133419037,-0.481651376146789
1.63444799622788,-0.0507166896359135,-4.80625,-0.219942584633827,1.25548732280731,-0.481651376146789
1.60943435803877,-0.0421654456146417,-5.035,-0.266852468252182,1.20758402347565,-0.481651376146789
1.58278476035035,-0.043124545446215,-5.6875,-0.305764883756638,1.17622435092926,-0.481651376146789
1.55135938005542,-0.029906658559617,-6.08,-0.354811638593674,1.1781370639801,-0.481651376146789
1.54139743252545,-0.0465306394744849,-6.72374999999999,-0.47229728102684,1.14814877510071,-0.481651376146789
1.51341009356319,-0.0434455413740599,-7.17374999999999,-0.483184605836868,1.10255658626556,-0.481651376146789
1.46764801266754,-0.0261952683245477,-7.21999999999999,-0.548644304275513,1.09407365322113,-0.481651376146789
1.43888616935865,-0.0308327927209367,-7.79874999999999,-0.574231386184692,1.09678196907043,-0.481651376146789
1.41086511565666,-0.0228068428888983,-7.84249999999999,-0.61568808555603,1.09130823612213,-0.481651376146789
1.38497291375464,-0.0190507972075712,-8.25249999999999,-0.615722298622131,1.09298312664032,-0.481651376146789
1.35653800045529,-0.00391181855518437,-8.45874999999999,-0.648174703121185,1.13892233371735,-0.481651376146789
1.34383807874541,-0.00220612986000463,-8.70374999999999,-0.684807419776917,1.19135725498199,-0.481651376146789
1.31701691820296,0.0018883351674425,-9.14624999999999,-0.712108314037323,1.22025918960571,-0.481651376146789
1.33073231972381,-0.00167972303174069,-9.69374999999999,-0.771529018878937,1.22033727169037,-0.481651376146789
1.31504206070071,0.00131666351824744,-9.94874999999999,-0.816140115261078,1.22907149791718,-0.481651376146789
1.305324361618,0.00855510458821476,-10.72875,-0.865639090538025,1.21259498596191,-0.481651376146789
1.29802289728887,0.0177764317545461,-11.2525,-0.869959115982056,1.2385448217392,-0.481651376146789
1.2897579401589,0.0271315634012905,-11.69,-0.903908669948578,1.24779558181763,-0.481651376146789
1.27701649558179,0.0313097877657208,-12.305,-0.931074023246765,1.29464542865753,-0.481651376146789
1.3510554012717,-0.00817718627026996,-12.73625,-1.09262895584106,1.22656047344208,-0.481651376146789
1.34937328653928,-0.00227763063879678,-13.2525,-1.08744359016418,1.26909995079041,-0.481651376146789
1.35641612529369,0.00691503481927632,-13.69875,-1.08524012565613,1.28331124782562,-0.481651376146789
1.35620321307017,0.00877670654491161,-14.24375,-1.09768927097321,1.33205473423004,-0.481651376146789
1.36380343117169,0.017374049954106,-14.7975,-1.09063637256622,1.34916353225708,-0.481651376146789
1.39060284352496,-0.00516136379410513,-15.31875,-1.14505088329315,1.29748570919037,-0.481651376146789
1.39075366964701,-0.00809411044947534,-16.2425,-1.16813838481903,1.24218451976776,-0.481651376146789
1.38390087418681,0.00220967359236649,-16.65875,-1.18844485282898,1.18788874149323,-0.481651376146789
1.38123666785975,0.0161311476144813,-17.45125,-1.21943831443787,1.15179872512817,-0.481651376146789
1.37776622884165,0.0240008522843311,-18.2125,-1.24548518657684,1.19560110569,-0.481651376146789
1.38253273362227,0.0398775525740775,-18.84875,-1.26822054386139,1.21889460086823,-0.481651376146789
1.39061705833814,0.0457325164052189,-19.08125,-1.28368866443634,1.25363790988922,-0.481651376146789
1.40521770096774,0.0546272123970293,-19.34375,-1.30297577381134,1.21516418457031,-0.481651376146789
1.41745436615517,0.0685990101717795,-19.57375,-1.33687901496887,1.20252013206482,-0.481651376146789
1.43947695532747,0.0819830612275031,-19.6825,-1.34603881835938,1.14415538311005,-0.481651376146789
1.45044543310825,0.0969152757912539,-20.05875,-1.35265696048737,1.11129927635193,-0.481651376146789
1.46657716045137,0.106206009390019,-20.10375,-1.36181509494782,1.09378099441528,-0.481651376146789
1.4672381686709,0.130730680287151,-20.30625,-1.39710533618927,1.16233241558075,-0.481651376146789
1.48769553319932,0.144130503499403,-20.25875,-1.43946313858032,1.22170269489288,-0.481651376146789
1.50307504882741,0.153093831390719,-20.76875,-1.46898257732391,1.22126603126526,-0.481651376146789
1.54181078082996,0.0917874171484453,-20.8875,-1.53937101364136,1.08428192138672,-0.481651376146789
1.54376571465919,0.124312491755618,-20.7425,-1.62511134147644,1.0840939283371,-0.481651376146789
1.55143669514453,0.129661920489196,-20.6925,-1.66637587547302,1.08615815639496,-0.481651376146789
1.54856361452747,0.147154911746827,-20.86625,-1.71142256259918,1.04816520214081,-0.481651376146789
1.55334676889278,0.166302845242946,-20.71875,-1.78207147121429,1.03694808483124,-0.481651376146789
1.56616084322605,0.173638513511999,-21.1425,-1.81808757781982,0.981261432170868,-0.481651376146789
1.58012905376978,0.184400303001454,-21.3125,-1.83880639076233,0.934359788894653,-0.481651376146789
1.5819383195564,0.22098076418217,-20.8175,-1.96464562416077,0.896368324756622,-0.481651376146789
1.60461741396699,0.217114430653402,-21.9675,-2.02317976951599,0.837310612201691,-0.481651376146789
1.61757036935717,0.251453332059781,-21.2925,-2.054682970047,0.827259361743927,-0.481651376146789
1.63355103585277,0.269290553352375,-21.7775,-2.15208387374878,0.815697073936462,-0.481651376146789
1.65546475417217,0.2800624725533,-21.88,-2.24091219902039,0.888670802116394,-0.481651376146789
1.68324081737977,0.314410153085344,-21.8375,-2.34092807769775,0.853791475296021,-0.481651376146789
1.70831598323042,0.308858868625451,-22.4425,-2.37353706359863,0.82606703042984,-0.481651376146789
1.67134626308027,0.0284733634885274,-22.09625,-2.45944976806641,0.331281930208206,-0.481651376146789
1.6739053558157,0.0351653413057674,-22.4575,-2.52329802513123,0.198567822575569,-0.481651376146789
1.67381004341662,0.0365704792109096,-22.415,-2.60650110244751,0.0213421247899532,-0.481651376146789
1.66987675894116,0.0717287461009674,-22.16,-2.67432117462158,-0.104574449360371,-0.481651376146789
1.66116936056751,0.0836080972987371,-22.10125,-2.71688485145569,-0.127044752240181,-0.481651376146789
1.65160046428047,0.114054013793164,-21.825,-2.76446747779846,-0.160510003566742,-0.481651376146789
1.65618380143058,0.102946922505793,-22.23375,-2.76763033866882,-0.239083588123322,-0.481651376146789
1.65967881085338,0.141511629379993,-21.66875,-2.78251791000366,-0.332407414913177,-0.481651376146789
1.66463980262723,0.154378122869547,-22.295,-2.76592111587524,-0.30588898062706,-0.481651376146789
1.66851899050385,0.180653814758079,-21.79625,-2.77714848518372,-0.255241632461548,-0.481651376146789
1.66578866428906,0.191360018674195,-21.81125,-2.80225563049316,-0.237100273370743,-0.481651376146789
1.66173420589793,0.206358789437447,-21.8325,-2.80799770355225,-0.293298870325088,-0.481651376146789
1.6728459609142,0.219732230266466,-21.87625,-2.74611759185791,-0.352372348308563,-0.481651376146789
1.6950091516885,0.244786056478811,-22.015,-2.67462801933289,-0.406209975481033,-0.481651376146789
1.69882731270718,0.262534313778598,-21.95,-2.63840341567993,-0.423124372959137,-0.481651376146789
1.67856600901292,0.281421281947577,-21.3175,-2.61828398704529,-0.424519300460815,-0.481651376146789
1.66767198003488,0.143929306734569,-21.745,-2.6310887336731,-0.6652871966362,-0.481651376146789
1.67325512919805,0.170422282725308,-21.38875,-2.61747980117798,-0.653497874736786,-0.481651376146789
1.69321981802807,0.168424230676423,-21.68875,-2.62361240386963,-0.736254870891571,-0.481651376146789
1.70350367808451,0.186658791119579,-21.74125,-2.61515665054321,-0.853685736656189,-0.481651376146789
1.69405570787921,0.203024777772134,-21.26875,-2.6090235710144,-0.940577387809753,-0.481651376146789
1.68178047697408,0.228606650192753,-21.21125,-2.66230392456055,-0.955332338809967,-0.481651376146789
1.68903577037234,0.232544334784258,-21.2,-2.63074731826782,-0.94564026594162,-0.481651376146789
1.69581289262355,0.259600965813875,-20.945,-2.63618350028992,-0.967485070228577,-0.481651376146789
1.70575770239404,0.255364940305756,-21.1575,-2.61934924125671,-1.0477876663208,-0.481651376146789
1.70495415182769,0.278393437621749,-20.99125,-2.60231995582581,-1.1104496717453,-0.481651376146789
1.71169792438119,0.304784620370794,-20.68875,-2.61362671852112,-1.09384787082672,-0.481651376146789
1.71917925978774,0.312468788015341,-20.79875,-2.58859539031982,-1.07098627090454,-0.481651376146789
1.71978375836436,0.323658584694159,-20.715,-2.57950258255005,-1.05611181259155,-0.481651376146789
1.71827012076386,0.341357362958026,-20.335,-2.61104607582092,-1.05862247943878,-0.481651376146789
1.56184879004363,0.0229932387291769,-20.45875,-2.47337412834167,-1.49393618106842,-0.481651376146789
1.55831453897532,0.0358476177125784,-20.12,-2.45601010322571,-1.5699405670166,-0.481651376146789
1.54697383338976,0.0461906206004168,-20.20125,-2.42315077781677,-1.62135422229767,-0.481651376146789
1.52804177955933,0.063549953590657,-19.975,-2.37239527702332,-1.62332832813263,-0.481651376146789
1.51729685800833,0.0795915200083312,-19.61375,-2.36804556846619,-1.6115437746048,-0.481651376146789
1.50856897990809,0.0839178645358108,-19.8075,-2.32913327217102,-1.61452889442444,-0.481651376146789
1.5019496600851,0.0115903100134699,-19.30125,-2.3405966758728,-1.79458403587341,-0.481651376146789
1.48480496720853,0.0242926916374473,-19.1225,-2.2944643497467,-1.80638480186462,-0.481651376146789
1.46678330040066,0.0370716460043948,-19.0225,-2.22993946075439,-1.74917244911194,-0.348853211009174
1.46042094224101,0.0507109448999955,-18.4125,-2.17428159713745,-1.69823515415192,-0.14756880733945
1.45507290594331,0.0576023731348596,-17.84375,-2.13056778907776,-1.67235672473907,-0.0488532110091743
1.45485691128082,0.058607000826324,-17.2225,-2.07377099990845,-1.68240642547607,-0.0164220183486239
1.44832664720996,0.0746257001985606,-16.2475,-1.99883389472961,-1.70077764987946,-9.1743119266055E-05
1.43812556991397,0.0925731665710756,-15.2925,-1.97646880149841,-1.66945850849152,-9.1743119266055E-05
1.43364566849357,0.099504853145226,-14.715,-1.956627368927,-1.64567875862122,-9.1743119266055E-05
1.42716014384534,0.11240446484039,-14.07,-1.9087393283844,-1.62859857082367,-9.1743119266055E-05
1.41749338996176,0.127025425077717,-13.31625,-1.88708329200745,-1.62623429298401,-9.1743119266055E-05
1.40304855478998,0.138658599691207,-12.8625,-1.85176181793213,-1.59590840339661,-9.1743119266055E-05
1.39320995964567,0.150014319542078,-12.21625,-1.82090473175049,-1.57641696929932,-9.1743119266055E-05
1.38401632620368,0.164701530712671,-11.68875,-1.78240668773651,-1.56150650978088,-9.1743119266055E-05
1.37161485036629,0.172628384392343,-11.24,-1.74314367771149,-1.56296253204346,-9.1743119266055E-05
1.33924196023585,0.131369423284541,-10.53,-1.70596873760223,-1.6616952419281,-9.1743119266055E-05
1.35786772132152,0.139328174300915,-10.36375,-1.6340274810791,-1.67550802230835,-9.1743119266055E-05
1.34587677707657,0.160411310468476,-9.58249999999999,-1.6045548915863,-1.62224352359772,-9.1743119266055E-05
1.35412307454577,0.169430042393057,-9.31124999999999,-1.55418694019318,-1.57138323783875,-9.1743119266055E-05
1.35789302089533,0.184252634661573,-8.52624999999999,-1.49057328701019,-1.4925172328949,-9.1743119266055E-05
1.36561630982507,0.197001891165012,-8.29749999999999,-1.49097383022308,-1.44655978679657,-9.1743119266055E-05
1.37928258656263,0.200547099852084,-7.91749999999999,-1.43267321586609,-1.40865695476532,-9.1743119266055E-05
1.40243738080781,0.223182450531543,-7.37375,-1.41611087322235,-1.43113660812378,-9.1743119266055E-05
1.41438261537666,0.232475694072484,-7.34374999999999,-1.36561453342438,-1.39286279678345,-9.1743119266055E-05
1.44178883905887,0.249628282314642,-6.875,-1.35309505462646,-1.36574196815491,-9.1743119266055E-05
1.44845041632849,0.257300187385228,-6.75124999999999,-1.322549700737,-1.32746088504791,-9.1743119266055E-05
1.47253245929199,0.27136523667232,-6.25999999999999,-1.28604114055634,-1.33115172386169,-9.1743119266055E-05
1.47790880381078,0.2851623507864,-5.8675,-1.25793325901032,-1.34342992305756,-0.0788990825688073
1.492314211679,0.302914822160766,-5.28625,-1.24182319641113,-1.34996902942657,-0.264862385321101
1.41919351907066,0.0200588853211245,-5.5275,-1.18019092082977,-1.67326891422272,-0.336146788990826
1.41531461138095,0.0298295192590644,-5.81625,-1.14894127845764,-1.63390207290649,-0.342522935779816
1.41295096868657,0.0387182764769086,-6.08999999999999,-1.13025045394897,-1.64223062992096,-0.348853211009174
1.40599511728042,0.0334439606023922,-6.99,-1.0981867313385,-1.6672545671463,-0.348853211009174
1.39774427248366,0.0528272058169473,-7.07874999999999,-1.08884143829346,-1.70119190216064,-0.368394495412844
1.43113775598908,-0.00718091621454821,-7.43749999999999,-1.18985164165497,-1.80197131633759,-0.375
1.42520221939391,-0.00205258807497396,-7.83749999999999,-1.18077158927917,-1.75770246982574,-0.375
1.4224468848525,0.0054389430931383,-8.01124999999999,-1.15750455856323,-1.74276340007782,-0.375
1.41822983060186,0.00518288607319243,-8.77249999999999,-1.10961866378784,-1.74602627754211,-0.375
1.41681116485372,0.0139359815985733,-9.05749999999999,-1.07179427146912,-1.74908912181854,-0.375
1.413171419524,0.0194760878566684,-9.55874999999999,-1.04385852813721,-1.76947474479675,-0.375
1.4159615723335,-0.0190492412679463,-9.97624999999999,-1.02657389640808,-1.83054935932159,-0.375
1.41279402545803,-0.0127543321590556,-10.57875,-0.994217693805695,-1.80308175086975,-0.375
1.40490349107768,-0.00703360965344585,-11.07375,-0.94728547334671,-1.75726318359375,-0.375
1.39683856213234,0.00426730014442501,-11.60375,-0.926588118076324,-1.72046935558319,-0.375
1.39204923751442,0.00498402677258815,-12.23,-0.899003028869629,-1.70877861976624,-0.375
1.40699560821462,-0.0323101888004647,-12.8075,-0.895318150520325,-1.78258442878723,-0.375
1.39599433934066,-0.0188537711243402,-13.08625,-0.838296413421631,-1.76413297653198,-0.375
1.38840941658421,-0.0142426328694787,-13.16625,-0.811923086643219,-1.73658514022827,-0.375
1.38536957442054,-0.01660485505861,-13.3775,-0.762631773948669,-1.75277805328369,-0.375
1.40493492576874,-0.0313439797706029,-13.16375,-0.774623334407806,-1.81971752643585,-0.375
1.40066137053254,-0.0199753916960393,-13.105,-0.736390769481659,-1.78202998638153,-0.375
1.38522238417295,-0.0139501568116246,-13.21125,-0.692009031772614,-1.69936382770538,-0.375
1.38288514749227,-0.0142371385004928,-13.06875,-0.637191116809845,-1.6789265871048,-0.317522935779816
1.36679599705051,-0.00481759742398724,-12.9325,-0.620875358581543,-1.66009795665741,-0.305412844036697
1.38164037985955,-0.0390954177359521,-12.44875,-0.644992768764496,-1.69427764415741,-0.216926605504587
1.37839673071924,-0.0259516922056637,-11.93125,-0.655959129333496,-1.61532461643219,-9.1743119266055E-05
1.37750550369355,-0.0289571693182933,-11.76875,-0.591722011566162,-1.56746411323547,-9.1743119266055E-05
1.37470248962488,-0.0191219242983323,-11.15875,-0.529658496379852,-1.55263960361481,-9.1743119266055E-05
1.36921037531102,-0.0142975872196106,-10.62375,-0.496394425630569,-1.5363986492157,-9.1743119266055E-05
1.37892262871699,-0.0365711224773478,-10.2125,-0.49819877743721,-1.54538226127625,-9.1743119266055E-05
1.37592581291141,-0.0261549979035841,-9.44249999999999,-0.437343955039978,-1.50924921035767,0.0101376146788991
1.37467603305457,-0.0253999232780099,-9.03749999999999,-0.414093434810638,-1.48562359809876,0.317522935779816
1.36894882895821,-0.0125263079128609,-8.43999999999999,-0.407504349946976,-1.44156992435455,0.481651376146789
1.37039420321239,-0.00487087231807899,-7.98874999999999,-0.381841987371445,-1.40860891342163,0.481651376146789
1.38936812230237,-0.0273673872321777,-7.53499999999999,-0.391978174448013,-1.44406843185425,0.481651376146789
1.38994747936663,-0.0229758507614414,-7.28374999999999,-0.35295495390892,-1.45160925388336,0.481651376146789
1.38664642079875,-0.0108338726323719,-6.85499999999999,-0.32893043756485,-1.42244076728821,0.481651376146789
1.38723550863604,-0.00607450547276661,-6.51,-0.307286083698273,-1.38726544380188,0.481651376146789
1.38342809054188,0.000401026562679823,-6.06874999999999,-0.311085075139999,-1.35805344581604,0.481651376146789
1.38489111018216,0.00491181779071567,-5.79499999999999,-0.292817354202271,-1.34555232524872,0.481651376146789
1.39787748736696,-0.0258779996464791,-5.095,-0.294605761766434,-1.40267908573151,0.481651376146789
1.39753671628425,-0.0224606069543561,-4.7725,-0.255269795656204,-1.35249745845795,0.481651376146789
1.40319911824397,-0.00749907339960184,-4.0075,-0.242822363972664,-1.25211775302887,0.481651376146789
1.40705486248271,-0.00453290568961198,-3.76375,-0.222422629594803,-1.13981103897095,0.481651376146789
1.42514888475903,-0.0268891071364153,-3.2475,-0.255156964063644,-1.0841236114502,0.481651376146789
1.43071529266332,-0.0189271867202674,-2.8075,-0.28257218003273,-0.985576510429382,0.481651376146789
1.43810117516143,-0.0159047951883965,-2.66125,-0.283388674259186,-0.882798612117767,0.481651376146789
1.43494735417083,-0.00454664360641795,-2.14,-0.28674703836441,-0.780402183532715,0.481651376146789
1.43206917639118,-0.00492705105292189,-1.875,-0.29645711183548,-0.699811995029449,0.481651376146789
1.44196589236841,-0.019240153999086,-1.39625,-0.34720566868782,-0.677397310733795,0.481651376146789
1.43717683147618,-0.0181554797920094,-1.02625,-0.374977618455887,-0.647036015987396,0.481651376146789
1.42488450245372,-0.0167853210541321,-0.758749999999999,-0.415806800127029,-0.646349728107452,0.481651376146789
1.41891392560133,-0.00353854750670842,-0.19875,-0.463391482830048,-0.654459953308106,0.481651376146789
1.40562346387761,-0.00454496516227539,0.3675,-0.491742134094238,-0.704984486103058,0.481651376146789
1.3987383307866,-0.00377291930227952,0.59875,-0.535705864429474,-0.769663870334625,0.481651376146789
1.41165071534212,-0.0165988748042514,1.4925,-0.623801946640015,-0.871063947677612,0.481651376146789
1.39890247297214,-0.0114218783396108,1.70375,-0.632079780101776,-0.869194269180298,0.481651376146789
1.38456551462794,-0.00125583487063794,2.27125,-0.663954377174377,-0.824719369411469,0.481651376146789
1.3752695517545,-0.00113392895556159,2.43875,-0.702480971813202,-0.797776758670807,0.481651376146789
1.36884665896261,0.00523700839376602,2.8575,-0.701628923416138,-0.779662549495697,0.481651376146789
1.38942231695917,-0.0197486350046562,3.165,-0.772371828556061,-0.827364027500153,0.481651376146789
1.39074065797421,-0.0118095325447416,3.5125,-0.789993345737457,-0.781701326370239,0.481651376146789
1.38877139920185,-0.00686360240675773,3.92125,-0.755636096000671,-0.729169428348541,0.481651376146789
1.39056042467581,-0.000874524440492783,4.3775,-0.762050807476044,-0.660253763198853,0.481651376146789
1.41641113304329,-0.0211405286329365,4.93125,-0.816759049892426,-0.63848340511322,0.481651376146789
1.42254103091139,-0.0133468878578443,5.51,-0.802224576473236,-0.577867746353149,0.481651376146789
1.4275836339733,-0.0143167388572201,6.06874999999999,-0.806184947490692,-0.517679631710053,0.481651376146789
1.4352728781954,-0.00800578617137783,6.66999999999999,-0.805232524871826,-0.473952442407608,0.481651376146789
1.43376042265673,-0.00713915992334956,7.05999999999999,-0.806838572025299,-0.435597240924835,0.481651376146789
1.45422336930818,-0.018907490485097,7.52749999999999,-0.849944651126862,-0.410988926887512,0.481651376146789
1.44538118544601,-0.012432077841203,8.01249999999999,-0.865279734134674,-0.375889986753464,0.481651376146789
1.4425703457309,-0.0198744677318558,8.16624999999999,-0.878797948360443,-0.367549955844879,0.481651376146789
1.43400099968298,-0.0090328312074739,8.88124999999999,-0.844826698303223,-0.378027468919754,0.481651376146789
1.42544689624604,-0.0067116473406893,8.98624999999999,-0.839412152767181,-0.350403428077698,0.481651376146789
1.43763355622063,-0.0266748612298598,9.38124999999999,-0.920389831066132,-0.326095759868622,0.481651376146789
1.42487770753288,-0.0218756908302575,10.08125,-0.917517364025116,-0.302639842033386,0.481651376146789
1.4125464542817,-0.0287424383374328,10.36375,-0.92555433511734,-0.325559675693512,0.481651376146789
1.40485769590984,-0.020750803273733,10.9625,-0.906686067581177,-0.34385222196579,0.481651376146789
1.38981774324239,-0.0160087340321404,11.6025,-0.883735954761505,-0.337873727083206,0.481651376146789
1.37708402183715,-0.0259707041946404,11.7425,-0.936449348926544,-0.33432137966156,0.481651376146789
1.34907731735605,-0.0176443789665634,12.47375,-0.951564490795136,-0.330624848604202,0.481651376146789
1.32117506959199,-0.0188978794510565,12.38375,-0.962567090988159,-0.333875119686127,0.00247706422018349
1.29839792566373,-0.016562286420246,12.0125,-0.961430311203003,-0.326261192560196,-9.1743119266055E-05
1.26511736420792,-0.0206321191205845,11.32375,-0.96618390083313,-0.335880041122437,-9.1743119266055E-05
1.24329546807759,-0.0225509807875638,10.98875,-0.967005252838135,-0.366842210292816,-9.1743119266055E-05
1.25605393096216,-0.0287125081636511,10.29875,-1.01127052307129,-0.426087021827698,-9.1743119266055E-05
1.23659465724211,-0.0245980441414843,9.84874999999999,-0.993297159671783,-0.438272327184677,-9.1743119266055E-05
1.21129134768357,-0.0249982867115576,9.17874999999999,-1.00085425376892,-0.455278366804123,-9.1743119266055E-05
1.18863809463898,-0.0267284853721602,8.42624999999999,-1.03262186050415,-0.462862759828568,-9.1743119266055E-05
1.19619689659696,-0.0278238557990947,7.95999999999999,-1.09703004360199,-0.500618278980255,-9.1743119266055E-05
1.17556550151153,-0.026892664617755,7.43874999999999,-1.07857203483582,-0.540808320045471,-9.1743119266055E-05
1.15461554456799,-0.0219423985183924,7.01624999999999,-1.06947720050812,-0.562542676925659,-9.1743119266055E-05
1.12946732807839,-0.0231090825051921,6.35499999999999,-1.06257033348084,-0.55859386920929,-9.1743119266055E-05
1.10750122573776,-0.0242699652863265,5.94875,-1.08903515338898,-0.557260513305664,-9.1743119266055E-05
1.08623285779748,-0.0236437669289957,5.76125,-1.09196126461029,-0.594304084777832,-9.1743119266055E-05
1.09748802189283,-0.0407565416519018,5.25875,-1.1471221446991,-0.680222630500793,-0.0788990825688073
1.07478066612161,-0.0323974423225469,4.97875,-1.12197971343994,-0.712078154087067,-0.264862385321101
1.05141792795167,-0.028519810886887,4.4925,-1.09456264972687,-0.694520771503449,-0.270412844036697
1.029545190427,-0.0366386367895642,3.915,-1.08276987075806,-0.704203546047211,-0.101697247706422
1.00782084971326,-0.0374161851156064,3.71875,-1.07102942466736,-0.776151537895203,-0.0112844036697248
1.01712343199969,-0.0403964068895097,3.035,-1.12954199314117,-0.856624364852905,-9.1743119266055E-05
1.00042641094398,-0.0304797023007909,2.80625,-1.12883961200714,-0.887164652347565,-9.1743119266055E-05
0.978461760319364,-0.0303280490786845,2.44375,-1.11822831630707,-0.904110670089722,-9.1743119266055E-05
0.958998544905499,-0.0331591442949395,1.985,-1.11751925945282,-0.921800076961517,-9.1743119266055E-05
0.969347040717842,-0.0346466082164305,1.71875,-1.16784524917603,-0.94964873790741,-9.1743119266055E-05
0.947347916977418,-0.0313712959396354,1.5425,-1.15112996101379,-0.959239482879639,-9.1743119266055E-05
0.926895704944619,-0.0303745091407663,1.18625,-1.1394237279892,-0.949831783771515,-9.1743119266055E-05
0.906984634051525,-0.024885223766919,1.02625,-1.12693750858307,-0.926551580429077,-9.1743119266055E-05
0.882456632767401,-0.0271532419827047,0.723749999999999,-1.12533497810364,-0.92898416519165,-9.1743119266055E-05
0.88270519781752,-0.0268238221380965,0.3375,-1.17320096492767,-0.965498864650726,-9.1743119266055E-05
0.860236205720411,-0.0228875416126954,0.06625,-1.164395570755,-1.00348472595215,-9.1743119266055E-05
0.83789184527127,-0.0171363665290056,-0.0725,-1.15315794944763,-0.995677411556244,-9.1743119266055E-05
0.816709889906805,-0.0117899963763563,0.03125,-1.14609742164612,-0.979978322982788,-9.1743119266055E-05
0.797581914401522,-0.0132593998633658,-0.13125,-1.12905073165894,-0.967661201953888,-9.1743119266055E-05
0.776647307544029,-0.00941071565848961,-0.0862499999999999,-1.10738515853882,-0.963691174983978,-9.1743119266055E-05
0.785752372624985,-0.0155971891842669,-0.06875,-1.15064764022827,-0.979361414909363,-9.1743119266055E-05
0.766818571536877,-0.0103257166028589,-0.00125,-1.12922501564026,-0.950827538967133,-9.1743119266055E-05
0.744198361675077,-0.00517122616441251,-0.02625,-1.10516333580017,-0.910123467445374,-9.1743119266055E-05
0.720018048302901,-0.00645540721271457,-0.04,-1.09586930274963,-0.884381115436554,-9.1743119266055E-05
0.696253081700873,-0.00940330208676838,-0.1725,-1.0890566110611,-0.897860825061798,-9.1743119266055E-05
0.71626561113813,-0.0193954993998533,-0.14875,-1.14581918716431,-0.928889989852905,-9.1743119266055E-05
0.71626561113813,-0.0193954993998533,-0.14875,-1.14581918716431,-0.928889989852905,-9.1743119266055E-05
0.71626561113813,-0.0193954993998533,-0.14875,-1.14581918716431,-0.928889989852905,-9.1743119266055E-05
0.71626561113813,-0.0193954993998533,-0.14875,-1.14581918716431,-0.928889989852905,-9.1743119266055E-05
0.71626561113813,-0.0193954993998533,-0.14875,-1.14581918716431,-0.928889989852905,-9.1743119266055E-05
0.71626561113813,-0.0193954993998533,-0.14875,-1.14581918716431,-0.928889989852905,-9.1743119266055E-05
0.71626561113813,-0.0193954993998533,-0.14875,-1.14581918716431,-0.928889989852905,-9.1743119266055E-05
0.71626561113813,-0.0193954993998533,-0.14875,-1.14581918716431,-0.928889989852905,-9.1743119266055E-05
0.71626561113813,-0.0193954993998533,-0.14875,-1.14581918716431,-0.928889989852905,-9.1743119266055E-05
0.71626561113813,-0.0193954993998533,-0.14875,-1.14581918716431,-0.928889989852905,-9.1743119266055E-05
0.71626561113813,-0.0193954993998533,-0.14875,-1.14581918716431,-0.928889989852905,-9.1743119266055E-05
0.71626561113813,-0.0193954993998533,-0.14875,-1.14581918716431,-0.928889989852905,-9.1743119266055E-05
0.71626561113813,-0.0193954993998533,-0.14875,-1.14581918716431,-0.928889989852905,-9.1743119266055E-05
0.71626561113813,-0.0193954993998533,-0.14875,-1.14581918716431,-0.928889989852905,-9.1743119266055E-05
0.71626561113813,-0.0193954993998533,-0.14875,-1.14581918716431,-0.928889989852905,-9.1743119266055E-05
0.71626561113813,-0.0193954993998533,-0.14875,-1.14581918716431,-0.928889989852905,-9.1743119266055E-05
0.71626561113813,-0.0193954993998533,-0.14875,-1.14581918716431,-0.928889989852905,-9.1743119266055E-05
0.71626561113813,-0.0193954993998533,-0.14875,-1.14581918716431,-0.928889989852905,-9.1743119266055E-05
0.71626561113813,-0.0193954993998533,-0.14875,-1.14581918716431,-0.928889989852905,-9.1743119266055E-05
0.71626561113813,-0.0193954993998533,-0.14875,-1.14581918716431,-0.928889989852905,-9.1743119266055E-05
0.71626561113813,-0.0193954993998533,-0.14875,-1.14581918716431,-0.928889989852905,-9.1743119266055E-05
0.71626561113813,-0.0193954993998533,-0.14875,-1.14581918716431,-0.928889989852905,-9.1743119266055E-05
0.71626561113813,-0.0193954993998533,-0.14875,-1.14581918716431,-0.928889989852905,-9.1743119266055E-05
0.71626561113813,-0.0193954993998533,-0.14875,-1.14581918716431,-0.928889989852905,-9.1743119266055E-05
0.71626561113813,-0.0193954993998533,-0.14875,-1.14581918716431,-0.928889989852905,-9.1743119266055E-05
0.71626561113813,-0.0193954993998533,-0.14875,-1.14581918716431,-0.928889989852905,-9.1743119266055E-05
0.71626561113813,-0.0193954993998533,-0.14875,-1.14581918716431,-0.928889989852905,-9.1743119266055E-05
0.71626561113813,-0.0193954993998533,-0.14875,-1.14581918716431,-0.928889989852905,-9.1743119266055E-05
0.71626561113813,-0.0193954993998533,-0.14875,-1.14581918716431,-0.928889989852905,-9.1743119266055E-05
0.71626561113813,-0.0193954993998533,-0.14875,-1.14581918716431,-0.928889989852905,-9.1743119266055E-05
0.71626561113813,-0.0193954993998533,-0.14875,-1.14581918716431,-0.928889989852905,-9.1743119266055E-05
0.71626561113813,-0.0193954993998533,-0.14875,-1.14581918716431,-0.928889989852905,-9.1743119266055E-05
0.71626561113813,-0.0193954993998533,-0.14875,-1.14581918716431,-0.928889989852905,-9.1743119266055E-05
0.71626561113813,-0.0193954993998533,-0.14875,-1.14581918716431,-0.928889989852905,-9.1743119266055E-05
0.71626561113813,-0.0193954993998533,-0.14875,-1.14581918716431,-0.928889989852905,-9.1743119266055E-05
0.71626561113813,-0.0193954993998533,-0.14875,-1.14581918716431,-0.928889989852905,-9.1743119266055E-05
0.71626561113813,-0.0193954993998533,-0.14875,-1.14581918716431,-0.928889989852905,-9.1743119266055E-05
0.71626561113813,-0.0193954993998533,-0.14875,-1.14581918716431,-0.928889989852905,-9.1743119266055E-05
0.71626561113813,-0.0193954993998533,-0.14875,-1.14581918716431,-0.928889989852905,-9.1743119266055E-05
0.71626561113813,-0.0193954993998533,-0.14875,-1.14581918716431,-0.928889989852905,-9.1743119266055E-05
0.71626561113813,-0.0193954993998533,-0.14875,-1.14581918716431,-0.928889989852905,-9.1743119266055E-05
0.71626561113813,-0.0193954993998533,-0.14875,-1.14581918716431,-0.928889989852905,-9.1743119266055E-05
0.71626561113813,-0.0193954993998533,-0.14875,-1.14581918716431,-0.928889989852905,-9.1743119266055E-05
0.71626561113813,-0.0193954993998533,-0.14875,-1.14581918716431,-0.928889989852905,-9.1743119266055E-05
0.71626561113813,-0.0193954993998533,-0.14875,-1.14581918716431,-0.928889989852905,-9.1743119266055E-05
0.71626561113813,-0.0193954993998533,-0.14875,-1.14581918716431,-0.928889989852905,-9.1743119266055E-05
0.71626561113813,-0.0193954993998533,-0.14875,-1.14581918716431,-0.928889989852905,-9.1743119266055E-05
0.71626561113813,-0.0193954993998533,-0.14875,-1.14581918716431,-0.928889989852905,-9.1743119266055E-05
0.71626561113813,-0.0193954993998533,-0.14875,-1.14581918716431,-0.928889989852905,-9.1743119266055E-05
0.71626561113813,-0.0193954993998533,-0.14875,-1.14581918716431,-0.928889989852905,-9.1743119266055E-05
0.71626561113813,-0.0193954993998533,-0.14875,-1.14581918716431,-0.928889989852905,-9.1743119266055E-05
0.71626561113813,-0.0193954993998533,-0.14875,-1.14581918716431,-0.928889989852905,-9.1743119266055E-05
0.71626561113813,-0.0193954993998533,-0.14875,-1.14581918716431,-0.928889989852905,-9.1743119266055E-05
0.71626561113813,-0.0193954993998533,-0.14875,-1.14581918716431,-0.928889989852905,-9.1743119266055E-05
0.71626561113813,-0.0193954993998533,-0.14875,-1.14581918716431,-0.928889989852905,-9.1743119266055E-05
0.71626561113813,-0.0193954993998533,-0.14875,-1.14581918716431,-0.928889989852905,-9.1743119266055E-05
0.71626561113813,-0.0193954993998533,-0.14875,-1.14581918716431,-0.928889989852905,-9.1743119266055E-05
0.71626561113813,-0.0193954993998533,-0.14875,-1.14581918716431,-0.928889989852905,-9.1743119266055E-05
0.71626561113813,-0.0193954993998533,-0.14875,-1.14581918716431,-0.928889989852905,-9.1743119266055E-05
0.71626561113813,-0.0193954993998533,-0.14875,-1.14581918716431,-0.928889989852905,-9.1743119266055E-05
0.71626561113813,-0.0193954993998533,-0.14875,-1.14581918716431,-0.928889989852905,-9.1743119266055E-05
0.71626561113813,-0.0193954993998533,-0.14875,-1.14581918716431,-0.928889989852905,-9.1743119266055E-05
0.71626561113813,-0.0193954993998533,-0.14875,-1.14581918716431,-0.928889989852905,-9.1743119266055E-05
0.71626561113813,-0.0193954993998533,-0.14875,-1.14581918716431,-0.928889989852905,-9.1743119266055E-05
0.71626561113813,-0.0193954993998533,-0.14875,-1.14581918716431,-0.928889989852905,-9.1743119266055E-05
0.71626561113813,-0.0193954993998533,-0.14875,-1.14581918716431,-0.928889989852905,-9.1743119266055E-05
0.71626561113813,-0.0193954993998533,-0.14875,-1.14581918716431,-0.928889989852905,-9.1743119266055E-05
0.71626561113813,-0.0193954993998533,-0.14875,-1.14581918716431,-0.928889989852905,-9.1743119266055E-05
0.71626561113813,-0.0193954993998533,-0.14875,-1.14581918716431,-0.928889989852905,-9.1743119266055E-05
0.71626561113813,-0.0193954993998533,-0.14875,-1.14581918716431,-0.928889989852905,-9.1743119266055E-05
0.71626561113813,-0.0193954993998533,-0.14875,-1.14581918716431,-0.928889989852905,-9.1743119266055E-05
0.71626561113813,-0.0193954993998533,-0.14875,-1.14581918716431,-0.928889989852905,-9.1743119266055E-05
0.71626561113813,-0.0193954993998533,-0.14875,-1.14581918716431,-0.928889989852905,-9.1743119266055E-05
0.71626561113813,-0.0193954993998533,-0.14875,-1.14581918716431,-0.928889989852905,-9.1743119266055E-05
0.71626561113813,-0.0193954993998533,-0.14875,-1.14581918716431,-0.928889989852905,-9.1743119266055E-05
0.71626561113813,-0.0193954993998533,-0.14875,-1.14581918716431,-0.928889989852905,-9.1743119266055E-05
0.71626561113813,-0.0193954993998533,-0.14875,-1.14581918716431,-0.928889989852905,-9.1743119266055E-05
0.71626561113813,-0.0193954993998533,-0.14875,-1.14581918716431,-0.928889989852905,-9.1743119266055E-05
0.71626561113813,-0.0193954993998533,-0.14875,-1.14581918716431,-0.928889989852905,-9.1743119266055E-05
0.71626561113813,-0.0193954993998533,-0.14875,-1.14581918716431,-0.928889989852905,-9.1743119266055E-05
0.71626561113813,-0.0193954993998533,-0.14875,-1.14581918716431,-0.928889989852905,-9.1743119266055E-05
0.71626561113813,-0.0193954993998533,-0.14875,-1.14581918716431,-0.928889989852905,-9.1743119266055E-05
0.71626561113813,-0.0193954993998533,-0.14875,-1.14581918716431,-0.928889989852905,-9.1743119266055E-05
0.71626561113813,-0.0193954993998533,-0.14875,-1.14581918716431,-0.928889989852905,-9.1743119266055E-05
0.71626561113813,-0.0193954993998533,-0.14875,-1.14581918716431,-0.928889989852905,-9.1743119266055E-05
0.71626561113813,-0.0193954993998533,-0.14875,-1.14581918716431,-0.928889989852905,-9.1743119266055E-05
0.71626561113813,-0.0193954993998533,-0.14875,-1.14581918716431,-0.928889989852905,-9.1743119266055E-05
0.71626561113813,-0.0193954993998533,-0.14875,-1.14581918716431,-0.928889989852905,-9.1743119266055E-05
0.71626561113813,-0.0193954993998533,-0.14875,-1.14581918716431,-0.928889989852905,-9.1743119266055E-05
0.71626561113813,-0.0193954993998533,-0.14875,-1.14581918716431,-0.928889989852905,-9.1743119266055E-05
0.71626561113813,-0.0193954993998533,-0.14875,-1.14581918716431,-0.928889989852905,-9.1743119266055E-05
0.71626561113813,-0.0193954993998533,-0.14875,-1.14581918716431,-0.928889989852905,-9.1743119266055E-05
0.71626561113813,-0.0193954993998533,-0.14875,-1.14581918716431,-0.928889989852905,-9.1743119266055E-05
0.71626561113813,-0.0193954993998533,-0.14875,-1.14581918716431,-0.928889989852905,-9.1743119266055E-05
0.71626561113813,-0.0193954993998533,-0.14875,-1.14581918716431,-0.928889989852905,-9.1743119266055E-05
0.71626561113813,-0.0193954993998533,-0.14875,-1.14581918716431,-0.928889989852905,-9.1743119266055E-05
0.71626561113813,-0.0193954993998533,-0.14875,-1.14581918716431,-0.928889989852905,-9.1743119266055E-05
0.71626561113813,-0.0193954993998533,-0.14875,-1.14581918716431,-0.928889989852905,-9.1743119266055E-05
0.71626561113813,-0.0193954993998533,-0.14875,-1.14581918716431,-0.928889989852905,-9.1743119266055E-05
0.71626561113813,-0.0193954993998533,-0.14875,-1.14581918716431,-0.928889989852905,-9.1743119266055E-05
0.71626561113813,-0.0193954993998533,-0.14875,-1.14581918716431,-0.928889989852905,-9.1743119266055E-05
0.71626561113813,-0.0193954993998533,-0.14875,-1.14581918716431,-0.928889989852905,-9.1743119266055E-05
0.71626561113813,-0.0193954993998533,-0.14875,-1.14581918716431,-0.928889989852905,-9.1743119266055E-05
0.71626561113813,-0.0193954993998533,-0.14875,-1.14581918716431,-0.928889989852905,-9.1743119266055E-05
0.71626561113813,-0.0193954993998533,-0.14875,-1.14581918716431,-0.928889989852905,-9.1743119266055E-05
0.71626561113813,-0.0193954993998533,-0.14875,-1.14581918716431,-0.928889989852905,-9.1743119266055E-05
0.71626561113813,-0.0193954993998533,-0.14875,-1.14581918716431,-0.928889989852905,-9.1743119266055E-05
0.71626561113813,-0.0193954993998533,-0.14875,-1.14581918716431,-0.928889989852905,-9.1743119266055E-05
0.71626561113813,-0.0193954993998533,-0.14875,-1.14581918716431,-0.928889989852905,-9.1743119266055E-05
0.71626561113813,-0.0193954993998533,-0.14875,-1.14581918716431,-0.928889989852905,-9.1743119266055E-05
0.71626561113813,-0.0193954993998533,-0.14875,-1.14581918716431,-0.928889989852905,-9.1743119266055E-05
0.71626561113813,-0.0193954993998533,-0.14875,-1.14581918716431,-0.928889989852905,-9.1743119266055E-05
0.71626561113813,-0.0193954993998533,-0.14875,-1.14581918716431,-0.928889989852905,-9.1743119266055E-05
0.71626561113813,-0.0193954993998533,-0.14875,-1.14581918716431,-0.928889989852905,-9.1743119266055E-05
0.71626561113813,-0.0193954993998533,-0.14875,-1.14581918716431,-0.928889989852905,-9.1743119266055E-05
